,metro,zips,avg_price_97,max_price_97,min_price_97,std_price_97,avg_price_19,max_price_19,min_price_19,std_price_19
0,,0,,,,,,,,
1,Asheville,37,112150.16666666667,145499.0,145499.0,21011.43079770311,271479.7027027027,422654.0,422654.0,60166.75393523905
2,Warsaw,15,96090.0,136083.0,136083.0,25276.57452449417,162528.4,238676.0,238676.0,43516.0413998595
3,Seneca Falls,9,54186.375,68624.0,68624.0,7980.17531023867,120234.44444444444,183290.0,183290.0,31534.463675124996
4,Durango,5,,,,,400394.2,504965.0,504965.0,84268.05434564156
5,Washington Court House,4,64707.333333333336,69804.0,69804.0,4506.673754925392,91835.0,114724.0,114724.0,26237.763763959254
6,Little Rock-North Little Rock-Conway,61,87286.42857142857,228599.0,228599.0,37551.46481608053,140604.81967213115,341556.0,341556.0,63870.33932859816
7,Ardmore,11,38077.857142857145,55351.0,55351.0,10333.16704320883,75403.90909090909,123957.0,123957.0,27624.475015661545
8,Fremont,20,73081.0,96917.0,96917.0,18487.086640259044,118637.5,177387.0,177387.0,33214.26599884612
9,Wahpeton,19,,,,,126073.1052631579,210224.0,210224.0,43520.38092650734
10,New Bern,18,82189.4,121246.0,121246.0,26422.121154441782,130386.77777777778,280505.0,280505.0,62860.46580422534
11,Bastrop,6,35236.5,45303.0,45303.0,8702.376782619027,64796.833333333336,99543.0,99543.0,22909.922701019022
12,Huntington,5,,,,,148244.6,220474.0,220474.0,47868.824602239816
13,Montrose,8,88062.8,130914.0,130914.0,27272.718221695468,204947.125,366471.0,366471.0,87072.55631194268
14,Charleston-North Charleston,42,162281.72,537224.0,537224.0,109316.61304955743,351012.1666666667,1951394.0,1951394.0,340263.91071156465
15,Canton-Massillon,40,87304.24137931035,161250.0,161250.0,25513.14505120725,123252.3,244073.0,244073.0,51068.5454468946
16,Faribault-Northfield,8,120099.85714285714,171144.0,171144.0,26907.937827764825,265791.375,439623.0,439623.0,83903.80934130549
17,Defiance,7,61484.28571428572,76813.0,76813.0,8233.28933283018,107414.42857142857,134829.0,134829.0,25624.177384240993
18,Carson City,5,158591.8,196946.0,196946.0,34489.53046505563,383674.4,463406.0,463406.0,75015.40083742804
19,Brownsville,2,56055.5,59787.0,59787.0,5277.137907995204,86918.0,87144.0,87144.0,319.6122650963195
20,Scottsboro,18,54363.0,54363.0,54363.0,,104539.16666666667,167210.0,167210.0,26525.884883504663
21,Tupelo,19,,,,,112485.47368421052,172358.0,172358.0,27121.25253246657
22,New Castle,30,58908.333333333336,61267.0,61267.0,2055.685368273397,107956.93333333333,181661.0,181661.0,35172.343150336994
23,Clinton,14,,,,,135187.7142857143,218169.0,218169.0,40906.540028983836
24,Toccoa,2,56209.5,57899.0,57899.0,2389.313813629344,108857.5,110470.0,110470.0,2280.4193693266157
25,Selma,6,52510.25,78723.0,78723.0,28780.99518055853,56976.833333333336,88200.0,88200.0,19174.238398608344
26,Winchester,28,103430.5,146994.0,146994.0,46755.79161629783,202321.57142857142,333948.0,333948.0,70341.86927108395
27,Helena-West Helena,7,23519.5,25489.0,25489.0,2785.293611093811,53968.57142857143,145459.0,145459.0,41410.50200475375
28,Hastings,7,,,,,166300.42857142858,246200.0,246200.0,55776.60798774921
29,Greeley,30,159973.40740740742,283727.0,283727.0,37794.93719275848,377774.76666666666,535420.0,535420.0,61246.537483373686
30,Prescott,28,122464.38095238095,254308.0,254308.0,49615.93723641244,275337.75,597799.0,597799.0,114637.28968993337
31,Kingston,55,119081.47916666667,203989.0,203989.0,27137.889710042862,257090.8,462452.0,462452.0,66305.62516872016
32,Gettysburg,14,97677.07142857143,113108.0,113108.0,10261.131482550929,198301.42857142858,231025.0,231025.0,24399.43522900695
33,Rapid City,22,,,,,207351.54545454544,336947.0,336947.0,61583.014566655336
34,Albert Lea,11,,,,,108628.72727272728,144108.0,144108.0,23234.980955838586
35,Lawrence,7,99005.0,99005.0,99005.0,,221251.14285714287,265352.0,265352.0,31026.391800253812
36,Glens Falls,38,73056.5,145126.0,145126.0,27908.993258368388,265398.36842105264,1136275.0,1136275.0,232378.776276476
37,Killeen-Temple,27,,,,,156424.7037037037,309402.0,309402.0,57128.137065732684
38,Coldwater,6,61806.4,71443.0,71443.0,7122.541947928422,111881.16666666667,134601.0,134601.0,17173.26372494951
39,Amarillo,24,,,,,144357.29166666666,290591.0,290591.0,69028.01032944284
40,Greensboro-High Point,43,103369.47619047618,216065.0,216065.0,38604.86895946505,160266.83720930232,372593.0,372593.0,64502.734352868145
41,Decatur,37,69726.2,108530.0,108530.0,23075.98610460667,122076.5945945946,209622.0,209622.0,35326.949106768225
42,Show Low,13,71385.7,107256.0,107256.0,20979.162900628595,199585.46153846153,306009.0,306009.0,61699.70108330535
43,Merced,19,125042.75,187787.0,187787.0,41858.531757775105,269467.0,375245.0,375245.0,56594.36710289972
44,Dayton,62,89540.26829268293,167299.0,167299.0,36353.205626893745,142218.83870967742,301228.0,301228.0,60425.349339438915
45,Valdosta,15,66701.11111111111,101802.0,101802.0,24569.158458545364,116603.06666666667,173435.0,173435.0,37924.32156369665
46,Baraboo,12,110645.0,121661.0,121661.0,15578.976603102015,212945.41666666666,312063.0,312063.0,61578.7187183399
47,Brainerd,23,99486.0,112548.0,112548.0,18472.45755171737,206313.30434782608,322020.0,322020.0,60961.34387643816
48,Greenwood,17,45896.2,60495.0,60495.0,13254.181291200146,83524.70588235294,156924.0,156924.0,40866.61212677885
49,Scranton--Wilkes-Barre--Hazleton,73,77980.23529411765,120100.0,120100.0,21061.388969792526,129054.23287671233,290033.0,290033.0,47673.02674105504
50,Norfolk,12,,,,,140442.58333333334,263514.0,263514.0,50552.90175730107
51,Junction City,2,,,,,186230.0,232796.0,232796.0,65854.26874546554
52,Vernal,7,,,,,218788.57142857142,244914.0,244914.0,23675.592494220306
53,Abilene,23,,,,,124971.08695652174,266560.0,266560.0,55738.9011438095
54,Montgomery,38,116436.2,273547.0,273547.0,65088.716187256774,129121.52631578948,323236.0,323236.0,75263.94083983732
55,Lebanon,23,110792.25,124842.0,124842.0,10960.51800403004,178543.8260869565,252721.0,252721.0,30272.5381727883
56,New Haven-Milford,41,144275.11111111112,266725.0,266725.0,50490.60959101004,252258.65853658537,481293.0,481293.0,88047.70307413184
57,Big Spring,4,,,,,146873.75,246667.0,246667.0,67336.33995288132
58,Arkansas City-Winfield,9,,,,,112610.22222222222,162736.0,162736.0,28851.14690864896
59,Astoria,6,,,,,478095.1666666667,642684.0,642684.0,166543.48500426745
60,Taos,14,,,,,294647.78571428574,438317.0,438317.0,77984.9441052848
61,Kalamazoo-Portage,29,110902.78947368421,154559.0,154559.0,26402.376857604962,163556.37931034484,255683.0,255683.0,50469.30656095685
62,Sulphur Springs,7,,,,,132967.14285714287,152572.0,152572.0,10931.747671020272
63,Seattle-Tacoma-Bellevue,160,189033.90967741935,651895.0,651895.0,73594.8326690753,588834.0,2916471.0,2916471.0,337096.4930649558
64,Santa Rosa,37,232192.27272727274,393355.0,393355.0,58606.74540436489,658639.2162162162,934375.0,934375.0,162007.65991392286
65,Urbana,9,77236.77777777778,98941.0,98941.0,16218.780770897807,131847.22222222222,179509.0,179509.0,32422.785891166794
66,Laurinburg,5,49778.6,56847.0,56847.0,6105.864009294672,68363.4,78143.0,78143.0,7988.823962261279
67,Pecos,2,,,,,100603.0,107987.0,107987.0,10442.552944562934
68,Central City,11,,,,,76599.72727272728,102805.0,102805.0,13618.38132151475
69,Greensburg,4,,,,,130482.75,160526.0,160526.0,23963.61030639304
70,Burlington,23,125208.5,155009.0,155009.0,29121.74230708046,125430.08695652174,206878.0,206878.0,48339.733446920945
71,Sidney,11,80168.0,102867.0,102867.0,15856.16758376514,143398.0909090909,206333.0,206333.0,48642.804478061385
72,Effingham,10,,,,,106356.9,182630.0,182630.0,41331.8866291175
73,Borger,4,,,,,73164.25,98784.0,98784.0,18924.608272035646
74,Youngstown-Warren-Boardman,64,79683.70212765958,134839.0,134839.0,26363.183615491624,114691.96875,209969.0,209969.0,44170.52312793944
75,Farmington,19,79398.0,79398.0,79398.0,,144498.7894736842,231794.0,231794.0,49878.59477390961
76,Shelbyville,4,99162.0,109809.0,109809.0,13147.013691329297,199018.75,228841.0,228841.0,30075.819926479144
77,Lewiston,7,,,,,234438.85714285713,276712.0,276712.0,27114.844669962436
78,Tiffin,13,67541.38461538461,87252.0,87252.0,9822.18951777438,115667.46153846153,166775.0,166775.0,27300.099488876665
79,Parsons,8,,,,,67163.5,92445.0,92445.0,17915.76991687172
80,Pensacola-Ferry Pass-Brent,23,98480.3,215328.0,215328.0,35016.21797200774,178877.95652173914,509530.0,509530.0,85536.75955851233
81,Wabash,10,84550.0,84550.0,84550.0,,107122.7,156807.0,156807.0,34299.918451636135
82,Logan,46,29750.5,46265.0,46265.0,11109.264197056436,176569.52173913043,399530.0,399530.0,117322.47768962625
83,Ann Arbor,16,164146.14285714287,223371.0,223371.0,41053.96186420079,288885.9375,456838.0,456838.0,97312.7810718056
84,Red Wing,10,106501.9,175640.0,175640.0,30943.500022711643,220444.2,354490.0,354490.0,55792.07090179671
85,Glenwood Springs,11,653551.0,1611007.0,1611007.0,830385.3098146667,1453288.0909090908,5345015.0,5345015.0,1695340.4160878991
86,Vineland-Bridgeton,13,108546.0,130311.0,130311.0,15919.259520048872,144001.61538461538,233174.0,233174.0,41058.10344811862
87,Lufkin,6,56607.25,62274.0,62274.0,4626.713547432994,126086.83333333333,143659.0,143659.0,14877.025003900028
88,Grenada,3,,,,,85651.66666666667,95710.0,95710.0,10742.329092581987
89,Claremont-Lebanon,104,107349.01754385965,255012.0,255012.0,42127.68998935228,248900.3076923077,719663.0,719663.0,105192.98237613555
90,Oklahoma City,105,77390.4623655914,231860.0,231860.0,43478.39446871713,150353.78095238094,427818.0,427818.0,73204.39717995362
91,Maryville,16,,,,,128892.625,214715.0,214715.0,39421.89643142501
92,Cambridge,29,68734.0,68734.0,68734.0,,125116.41379310345,333555.0,333555.0,66629.87388901105
93,Ottawa-Peru,55,52431.0,67921.0,67921.0,21906.16808115924,96528.78181818181,213137.0,213137.0,38087.761721956726
94,Olean,27,56989.083333333336,129801.0,129801.0,21017.6077443914,87983.22222222222,216972.0,216972.0,34298.36771215138
95,California-Lexington Park,27,161478.72727272726,195762.0,195762.0,21180.769222916784,307859.6296296296,427386.0,427386.0,46091.23843834777
96,Macon-Bibb County,20,72332.5,118152.0,118152.0,29080.460460194285,121798.2,229953.0,229953.0,59633.476094520855
97,Salina,10,,,,,134871.5,179200.0,179200.0,35272.28930052599
98,Indiana,46,52019.0,55353.0,55353.0,4714.988016951899,89230.82608695653,159048.0,159048.0,35655.983989167216
99,Duluth,64,,,,,161075.140625,352516.0,352516.0,56294.69320836872
100,Texarkana,20,35102.5,53279.0,53279.0,17026.661651656792,89605.65,187138.0,187138.0,36285.009638279
101,Del Rio,2,,,,,117872.5,125385.0,125385.0,10624.279387327877
102,Charleston,83,73460.66666666667,137771.0,137771.0,22924.700499995473,75441.77108433735,172630.0,172630.0,29560.267740843843
103,St. Marys,13,93241.66666666667,98293.0,98293.0,5178.895667353547,117890.15384615384,208941.0,208941.0,59078.76503567949
104,Martinsville,8,43072.25,51565.0,51565.0,6871.339091957743,86058.75,101395.0,101395.0,13275.715485157745
105,Michigan City-La Porte,12,,,,,158758.25,227650.0,227650.0,40503.452427764496
106,Fernley,7,,,,,274483.28571428574,413726.0,413726.0,76321.97682562623
107,New York-Newark-Jersey City,944,227948.99401197606,3168694.0,3168694.0,148093.50834552167,635938.8008474576,8126025.0,8126025.0,628660.5702819887
108,Big Rapids,10,65666.5,73626.0,73626.0,11256.43284970865,110900.0,172153.0,172153.0,25294.001880112035
109,Lafayette-West Lafayette,28,75258.11764705883,153548.0,153548.0,31683.161327987684,124792.67857142857,234864.0,234864.0,50794.79682966486
110,Elkhart-Goshen,11,91110.0,91110.0,91110.0,,185688.9090909091,254958.0,254958.0,39831.613646586164
111,Kapaa,14,257025.3076923077,381112.0,381112.0,75116.22511191641,703280.5,1146158.0,1146158.0,244589.11956168766
112,Lansing-East Lansing,37,95765.07142857143,129602.0,129602.0,21631.44728421772,163559.8108108108,281894.0,281894.0,50523.58323915995
113,Orangeburg,17,,,,,100995.76470588235,214325.0,214325.0,39160.96797758166
114,Spirit Lake,7,,,,,229762.85714285713,632391.0,632391.0,192449.51566703458
115,Hagerstown-Martinsburg,27,118839.22222222222,151320.0,151320.0,20698.789505827048,207035.92592592593,321600.0,321600.0,49815.76632408499
116,Clarksburg,25,57385.5,104548.0,104548.0,32540.29471798517,80173.48,221180.0,221180.0,42017.453650358206
117,Albuquerque,43,,,,,222076.23255813954,539093.0,539093.0,89898.34890873167
118,Union City,8,51052.0,69139.0,69139.0,13266.369866266032,81986.0,111548.0,111548.0,26050.862881239515
119,Jennings,5,,,,,95326.2,109827.0,109827.0,19295.983745328973
120,Nacogdoches,10,,,,,148903.5,217470.0,217470.0,41707.40208284376
121,Ukiah,23,309098.0,309098.0,309098.0,,393020.52173913043,888179.0,888179.0,164351.03822966848
122,Elizabethtown-Fort Knox,23,72671.93333333333,101826.0,101826.0,21387.747365077532,132618.26086956522,202156.0,202156.0,31447.428231628084
123,Laramie,10,,,,,239241.3,329728.0,329728.0,75650.67808912518
124,Alexandria,35,69102.5,127166.0,127166.0,23548.819558035666,153563.3142857143,286825.0,286825.0,55367.49570172623
125,Yuma,10,,,,,139436.0,199069.0,199069.0,40634.67731438807
126,Riverton,12,,,,,212403.58333333334,297542.0,297542.0,61393.8029808137
127,Seymour,8,,,,,131861.625,157167.0,157167.0,23447.937770653276
128,Centralia,25,91993.0,91993.0,91993.0,,221269.2,339475.0,339475.0,80071.13461375037
129,Meridian,12,,,,,120740.25,178106.0,178106.0,38060.713374399355
130,Portland-Vancouver-Hillsboro,120,168017.66949152542,331600.0,331600.0,48556.81922798695,438407.9666666667,967183.0,967183.0,130629.62994272653
131,Providence-Warwick,113,143881.09345794393,383028.0,383028.0,44092.55298811865,342483.8938053097,1128845.0,1128845.0,120423.53082145732
132,Albertville,8,84251.0,84251.0,84251.0,,125467.5,159764.0,159764.0,22479.724915703802
133,Seneca,10,109400.0,109400.0,109400.0,,205856.9,333653.0,333653.0,74904.86199684681
134,Sault Ste. Marie,14,,,,,102292.21428571429,144291.0,144291.0,24739.445942986153
135,Baton Rouge,72,,,,,174622.40277777778,306684.0,306684.0,55789.10769949551
136,Chattanooga,42,89581.77777777778,267409.0,267409.0,43560.907468647434,184701.11904761905,595979.0,595979.0,102414.70810677165
137,Coeur d'Alene,13,,,,,371132.07692307694,534666.0,534666.0,71667.7366630917
138,Florence,16,52207.0,52207.0,52207.0,,91590.5625,152551.0,152551.0,28653.988155156225
139,Lewiston-Auburn,13,100409.5,168462.0,168462.0,26041.25292859215,193279.53846153847,281153.0,281153.0,45548.071932511375
140,Statesboro,5,,,,,158508.4,194207.0,194207.0,36636.15890483062
141,Barnstable Town,42,173201.92105263157,344778.0,344778.0,56734.9437736004,519619.0,1095643.0,1095643.0,164679.9828046402
142,South Bend-Mishawaka,24,70649.0,70649.0,70649.0,,144862.5,262928.0,262928.0,51489.26630482022
143,Raleigh,47,169463.64864864864,261023.0,261023.0,45192.612491310894,284612.5106382979,630701.0,630701.0,107323.70982339045
144,Boulder,17,204514.64705882352,325164.0,325164.0,54817.154836489346,606298.5882352941,1135647.0,1135647.0,229650.16978740157
145,Albany,32,68079.78571428571,152173.0,152173.0,35025.67706517073,200805.71875,407120.0,407120.0,105843.71596695074
146,St. Joseph,33,,,,,133759.9393939394,219983.0,219983.0,45705.46602837797
147,Jefferson,7,114982.0,166987.0,166987.0,35759.674490502104,233239.14285714287,322523.0,322523.0,54429.683508261594
148,Kinston,4,63524.5,69123.0,69123.0,7917.474628945773,97310.0,120774.0,120774.0,33750.861845786
149,Moultrie,8,48981.833333333336,68902.0,68902.0,12839.000824311317,82578.75,147305.0,147305.0,42194.20431003698
150,Elkins,17,54132.0,54132.0,54132.0,,99573.11764705883,117315.0,117315.0,9032.483454747875
151,Price,5,,,,,119617.6,184802.0,184802.0,56523.0555021577
152,Arkadelphia,4,46379.75,61517.0,61517.0,12596.543689308852,79782.5,108455.0,108455.0,26342.71286333281
153,Dublin,10,52418.625,68406.0,68406.0,12011.448181244188,106496.5,141669.0,141669.0,23434.01255653841
154,Elizabeth City,7,,,,,182440.85714285713,268600.0,268600.0,54846.02350042821
155,Hilton Head Island-Bluffton-Beaufort,18,147548.1,323436.0,323436.0,85790.56604759446,330741.94444444444,1705965.0,1705965.0,369485.9120116955
156,Lincoln,59,127464.75675675676,247962.0,247962.0,45136.58390768907,207041.37288135593,456991.0,456991.0,107403.93427695704
157,Vineyard Haven,6,252800.6,382324.0,382324.0,79515.67293181892,949917.1666666666,1488099.0,1488099.0,293920.6194123962
158,Palatka,12,72968.5,73469.0,73469.0,707.8138879677341,136013.08333333334,186509.0,186509.0,26437.500182534564
159,Lumberton,11,,,,,67094.81818181818,105770.0,105770.0,18545.876165973837
160,Dunn,10,108959.0,142983.0,142983.0,27726.841174212397,158487.0,196188.0,196188.0,29541.501267049905
161,Richmond-Berea,8,80315.75,93324.0,93324.0,9131.37654372731,128218.5,183143.0,183143.0,45141.29082273631
162,Klamath Falls,16,63639.5,65660.0,65660.0,2857.4185027748385,178645.5625,269038.0,269038.0,39436.1907727217
163,Topeka,45,92051.55555555556,146885.0,146885.0,29557.474912492347,138966.46666666667,254908.0,254908.0,52137.21798842673
164,Bangor,32,84248.21052631579,114431.0,114431.0,18473.9057158377,135722.75,212810.0,212810.0,34010.10592029489
165,Butte-Silver Bow,4,,,,,193346.75,269963.0,269963.0,56943.442000959745
166,Bardstown,10,72652.83333333333,95637.0,95637.0,13331.40836396015,143316.1,196403.0,196403.0,25818.599400217063
167,Sioux Falls,37,,,,,199124.35135135136,340471.0,340471.0,60320.637226876635
168,Gallup,3,,,,,152480.0,183141.0,183141.0,39429.04319153586
169,Hobbs,5,,,,,155193.4,216746.0,216746.0,39958.4649267211
170,Miami-Fort Lauderdale-West Palm Beach,182,163833.71186440677,1146701.0,1146701.0,130242.39734669878,463394.9175824176,4618951.0,4618951.0,440597.13637545676
171,Sayre,21,,,,,139314.04761904763,169412.0,169412.0,12406.380106526605
172,Rockford,25,97508.5,154828.0,154828.0,25486.630835269956,125494.04,221665.0,221665.0,47327.70607818779
173,Madison,68,137015.75555555554,205505.0,205505.0,27473.807301563324,239222.01470588235,529583.0,529583.0,94352.29748659953
174,Grand Rapids,24,,,,,149302.08333333334,248693.0,248693.0,46608.48342720516
175,Bend-Redmond,8,151373.0,206421.0,206421.0,46470.151176140294,424626.5,652680.0,652680.0,124067.77036995317
176,Hanford-Corcoran,7,82175.0,103174.0,103174.0,21549.63533334149,179330.2857142857,254522.0,254522.0,47728.15042758409
177,Blackfoot,8,,,,,180292.75,233642.0,233642.0,46917.07276141597
178,Elk City,5,42317.25,59169.0,59169.0,13971.797340237463,82848.4,128654.0,128654.0,42618.88529513647
179,Mitchell,4,,,,,154157.0,162991.0,162991.0,16534.479630961076
180,Magnolia,5,37231.6,49986.0,49986.0,8504.2805280635,68890.2,93537.0,93537.0,19967.39005729091
181,Waycross,7,48277.0,58792.0,58792.0,9828.561084919806,108798.85714285714,141801.0,141801.0,26753.529514368576
182,Missoula,13,,,,,325866.6923076923,382332.0,382332.0,43573.70792764948
183,Atchison,5,,,,,100155.4,132386.0,132386.0,20601.99781089203
184,Enterprise,10,,,,,106071.0,179543.0,179543.0,41957.38042612077
185,Toledo,61,101326.3469387755,178820.0,178820.0,32650.17458768471,130162.5081967213,309615.0,309615.0,59548.71968442394
186,Bradford,19,,,,,66380.42105263157,85343.0,85343.0,12236.834468638754
187,Fredericksburg,5,,,,,340843.4,526613.0,526613.0,120063.7333056906
188,Lawrenceburg,8,55222.28571428572,63208.0,63208.0,9854.674994036852,112758.0,136412.0,136412.0,20007.56718272935
189,Coffeyville,10,,,,,70929.4,116086.0,116086.0,29299.306063834043
190,Scottsbluff,7,,,,,120743.57142857143,149218.0,149218.0,28837.00770917551
191,Sanford,2,99717.5,104817.0,104817.0,7211.782061321598,158700.5,169239.0,169239.0,14903.689627068863
192,Steamboat Springs,10,153075.375,279229.0,279229.0,74065.28692779383,467231.5,816983.0,816983.0,189646.68961299237
193,Grand Rapids-Wyoming,68,104610.58333333333,186917.0,186917.0,30371.0400871618,208340.45588235295,741212.0,741212.0,91726.86204672176
194,Marshall,23,,,,,132259.95652173914,268976.0,268976.0,47065.470195036214
195,Searcy,18,57218.083333333336,80021.0,80021.0,16626.497479835303,84509.83333333333,145120.0,145120.0,36382.38361568444
196,Jesup,4,50505.5,51059.0,51059.0,782.7672067735081,124056.5,154386.0,154386.0,20821.58557042827
197,Carlsbad-Artesia,1,,,,,105958.0,105958.0,105958.0,
198,Elmira,16,58239.818181818184,82440.0,82440.0,14353.898563234881,111835.8125,183896.0,183896.0,28699.70313253838
199,Milledgeville,3,82947.0,82947.0,82947.0,,98327.33333333333,145520.0,145520.0,49852.70353083505
200,Quincy,21,,,,,108993.85714285714,193134.0,193134.0,28051.905117630984
201,Huntington-Ashland,63,52212.0,68617.0,68617.0,9897.269102752925,92325.36507936507,196052.0,196052.0,36262.420396906586
202,Homosassa Springs,12,81368.66666666667,109828.0,109828.0,18565.1175660814,162982.75,227224.0,227224.0,34726.57566063254
203,McPherson,8,,,,,150117.25,183696.0,183696.0,25729.85619164742
204,Ithaca,11,82629.0,100025.0,100025.0,11179.291850815698,178250.18181818182,255794.0,255794.0,34563.77795848764
205,Storm Lake,8,54180.75,73214.0,73214.0,15610.480259382522,118091.625,152450.0,152450.0,28056.15778570595
206,Thomaston,3,47676.0,47676.0,47676.0,,116728.33333333333,158195.0,158195.0,39330.17740022709
207,Olympia-Tumwater,12,142775.45454545456,165142.0,165142.0,13113.37326826043,335855.1666666667,383439.0,383439.0,48738.121097878975
208,North Vernon,6,,,,,119777.83333333333,148464.0,148464.0,26024.06684910463
209,Lynchburg,30,98727.68421052632,180396.0,180396.0,34853.314277367645,182283.83333333334,410888.0,410888.0,80219.58293596108
210,Susanville,15,,,,,145902.06666666668,236068.0,236068.0,60031.94634819349
211,Florence-Muscle Shoals,15,,,,,135349.66666666666,316828.0,316828.0,60273.7785651755
212,Brookings,13,136491.16666666666,159724.0,159724.0,23346.774710153575,236332.0,372786.0,372786.0,87427.86141061288
213,Minot,21,,,,,172197.85714285713,258895.0,258895.0,51858.352130862884
214,Menomonie,9,,,,,164730.22222222222,225325.0,225325.0,29349.03462116675
215,Sikeston,8,,,,,103229.125,129212.0,129212.0,21251.17000098381
216,Anchorage,24,165159.53846153847,259732.0,259732.0,42853.00112908349,300565.75,507441.0,507441.0,126964.33253656919
217,Tahlequah,9,51680.5,61334.0,61334.0,7583.919692349069,111669.44444444444,169721.0,169721.0,25460.28878032961
218,Brevard,7,,,,,235543.57142857142,311034.0,311034.0,41307.28622917569
219,Hannibal,9,,,,,135730.66666666666,174506.0,174506.0,24911.725005506945
220,Roseburg,25,88268.21428571429,142972.0,142972.0,23084.828208416195,205426.32,375778.0,375778.0,55382.767494140266
221,Danville,51,52942.25,82486.0,82486.0,14931.562074573514,96254.54901960785,150918.0,150918.0,30956.572059783182
222,Juneau,2,,,,,414020.5,430483.0,430483.0,23281.490770567078
223,Weatherford,6,59026.0,88595.0,88595.0,22552.550084931267,99398.5,166716.0,166716.0,34215.72320878225
224,Phoenix-Mesa-Scottsdale,153,142273.4076923077,572203.0,572203.0,72581.58617183902,321344.8366013072,1692836.0,1692836.0,182652.4238120063
225,Sterling,19,68575.75,85746.0,85746.0,14306.993077396335,147003.05263157896,245207.0,245207.0,48952.80757976523
226,Portales,2,,,,,137510.0,151351.0,151351.0,19574.129916806007
227,Kahului-Wailuku-Lahaina,14,256620.44444444444,352719.0,352719.0,57698.98102460543,613665.5714285715,931871.0,931871.0,247251.71869970096
228,Kill Devil Hills,15,217032.0,247002.0,247002.0,32847.6633132839,315131.6666666667,453832.0,453832.0,97630.54137166202
229,San Diego-Carlsbad,98,207079.78723404257,829811.0,829811.0,97693.85018503341,712897.6428571428,2479322.0,2479322.0,389710.19928435615
230,Jacksonville,84,112617.43478260869,258650.0,258650.0,43953.991343298534,195773.72619047618,616916.0,616916.0,104332.46931565664
231,San Antonio-New Braunfels,112,115033.08108108108,407740.0,407740.0,67604.76403265633,224211.63392857142,658791.0,658791.0,101936.60721261002
232,Pontiac,16,55379.53333333333,78468.0,78468.0,13552.189848701135,91953.9375,125167.0,125167.0,19710.573854215916
233,Greenville-Anderson-Mauldin,48,91768.83870967742,419480.0,419480.0,70252.04644758129,178841.1875,722626.0,722626.0,101874.45157365108
234,Waco,28,,,,,156228.17857142858,326777.0,326777.0,68748.54838766689
235,Augusta-Richmond County,40,91760.05882352941,151119.0,151119.0,27519.525117338482,124120.55,267696.0,267696.0,51853.525630424854
236,Amsterdam,12,51192.09090909091,70399.0,70399.0,11930.164001006402,121292.33333333333,165171.0,165171.0,25865.219786540776
237,Columbia,52,95352.94444444444,185633.0,185633.0,31245.553879424606,158057.17307692306,294904.0,294904.0,59651.32388081729
238,Evanston,6,,,,,252015.66666666666,320465.0,320465.0,44571.373219440604
239,The Villages,11,87735.33333333333,128042.0,128042.0,31309.980004252102,192585.0909090909,366019.0,366019.0,86784.69065734411
240,Cape Coral-Fort Myers,34,160395.4,612624.0,612624.0,123627.5235705193,362683.6176470588,2108860.0,2108860.0,372976.6231545329
241,Starkville,2,,,,,157117.5,184408.0,184408.0,38594.59522394295
242,Ionia,11,97566.75,132607.0,132607.0,23442.781779970854,149720.81818181818,190814.0,190814.0,34528.157523442176
243,Duncan,7,36266.0,48496.0,48496.0,6321.233845803629,82943.14285714286,106945.0,106945.0,14231.061736316697
244,Shawano,13,,,,,121316.38461538461,163278.0,163278.0,30043.320104859868
245,Burley,9,,,,,199625.88888888888,236722.0,236722.0,23160.075676929708
246,Warrensburg,7,,,,,162694.7142857143,220846.0,220846.0,32435.66668403927
247,Dodge City,5,,,,,95460.4,117891.0,117891.0,23616.81125385051
248,Manitowoc,13,91727.81818181818,128328.0,128328.0,23244.02144130048,151874.76923076922,188518.0,188518.0,26504.820008675928
249,Sumter,9,56844.0,67102.0,67102.0,14507.002722823208,97068.0,148220.0,148220.0,27823.417385360844
250,Riverside-San Bernardino-Ontario,148,119910.80672268907,388469.0,388469.0,52377.6599779659,354044.54054054053,966255.0,966255.0,152837.88363653474
251,The Dalles,7,,,,,213548.7142857143,400396.0,400396.0,105990.92653574061
252,Spokane-Spokane Valley,61,122181.06666666667,193732.0,193732.0,34393.67412330355,257358.96721311475,460103.0,460103.0,82251.65165899249
253,Plymouth,8,92805.0,119033.0,119033.0,19160.91089953711,135123.875,184390.0,184390.0,34223.231054932345
254,Galesburg,16,,,,,91042.125,235716.0,235716.0,41073.865160017915
255,Pinehurst-Southern Pines,11,,,,,182038.9090909091,307040.0,307040.0,72413.02142495442
256,Bennington,17,115439.4,184705.0,184705.0,30838.544771113957,251001.76470588235,448511.0,448511.0,90538.54217647409
257,Denver-Aurora-Lakewood,127,163511.8879310345,319584.0,319584.0,49466.86389946506,458763.87401574804,845714.0,845714.0,125472.70723889327
258,Salt Lake City,43,190106.80555555556,315100.0,315100.0,58491.490186336116,387787.5581395349,651764.0,651764.0,109694.04262773068
259,Roanoke,30,79748.5,84593.0,84593.0,6851.157602916459,195939.2,483428.0,483428.0,81453.42739868656
260,Ozark,5,,,,,94468.4,115377.0,115377.0,12869.973807277152
261,Kendallville,9,,,,,139465.66666666666,193076.0,193076.0,39591.05689104548
262,Barre,22,88620.3,104470.0,104470.0,10264.944791213768,237319.54545454544,358113.0,358113.0,71550.78449320506
263,Oil City,14,39258.42857142857,51548.0,51548.0,8666.096829815386,92615.78571428571,128893.0,128893.0,24606.93687741347
264,Santa Cruz-Watsonville,16,253033.6923076923,346817.0,346817.0,51526.00093865979,793205.4375,965825.0,965825.0,147335.67889232567
265,Corpus Christi,35,,,,,137152.2857142857,436553.0,436553.0,74327.72605735455
266,Dubuque,14,,,,,197609.2857142857,282397.0,282397.0,38180.04973286959
267,Kalispell,15,,,,,342706.4,474823.0,474823.0,86969.94044561767
268,Zapata,3,,,,,77961.66666666667,95763.0,95763.0,17095.698942521576
269,Cheyenne,10,,,,,312407.3,420586.0,420586.0,73527.39051242515
270,Canton,17,,,,,68464.0,118327.0,118327.0,20646.09498186037
271,Longview,32,73349.0,144803.0,144803.0,29152.64285332178,201847.90625,410025.0,410025.0,92933.53862021395
272,Carbondale-Marion,26,,,,,102257.69230769231,221979.0,221979.0,45690.010551777494
273,Marquette,8,71448.2,87542.0,87542.0,11803.568579035747,125770.125,215845.0,215845.0,49782.588655752494
274,Utica-Rome,66,70633.5294117647,132765.0,132765.0,22359.826753669575,141051.75757575757,338218.0,338218.0,44456.81253152776
275,Ketchikan,1,,,,,332267.0,332267.0,332267.0,
276,Bismarck,12,,,,,221992.25,403552.0,403552.0,101763.66232611092
277,Guymon,8,,,,,84758.875,139760.0,139760.0,28592.02131183503
278,Boise City,42,157056.76923076922,192482.0,192482.0,24596.599430117185,285277.6666666667,522730.0,522730.0,90415.30253567638
279,Harrisonburg,20,103600.0,103600.0,103600.0,,217240.75,318366.0,318366.0,47478.20614031907
280,Blytheville,7,57775.25,74752.0,74752.0,11345.708773952085,69740.71428571429,136120.0,136120.0,37905.08209864163
281,Tyler,12,,,,,167364.75,250384.0,250384.0,37534.39241579284
282,Gillette,6,,,,,282148.8333333333,389405.0,389405.0,63085.06626902017
283,Port Lavaca,4,,,,,148751.0,246880.0,246880.0,68584.28892489396
284,Dumas,3,,,,,112683.0,128953.0,128953.0,15931.537904420904
285,Milwaukee-Waukesha-West Allis,83,141969.53846153847,265390.0,265390.0,55940.41521092916,275717.421686747,1829237.0,1829237.0,202674.10025860998
286,Mason City,17,,,,,103142.82352941176,193244.0,193244.0,34739.61202150093
287,Dothan,25,,,,,97769.8,177248.0,177248.0,25593.31650060226
288,Sandpoint,15,,,,,352687.93333333335,656400.0,656400.0,107959.39638815714
289,Branson,23,,,,,154599.5652173913,242708.0,242708.0,42113.37269024918
290,Coshocton,9,,,,,104744.33333333333,191642.0,191642.0,45070.24087188796
291,Alamogordo,12,,,,,140024.5,195004.0,195004.0,39096.01442253766
292,Port Angeles,7,,,,,242584.2857142857,376736.0,376736.0,74477.60214031753
293,Palm Bay-Melbourne-Titusville,27,108895.51851851853,162227.0,162227.0,29440.48907329231,260977.7037037037,443394.0,443394.0,89606.52819530798
294,Bloomsburg-Berwick,11,64945.2,81822.0,81822.0,20134.58406048878,136852.9090909091,191203.0,191203.0,54579.13349523707
295,Middlesborough,9,,,,,42584.11111111111,70823.0,70823.0,14000.163056590132
296,Wausau,14,,,,,170911.2142857143,233011.0,233011.0,29592.99491220222
297,Reno,23,224050.7,700913.0,700913.0,141971.71783218323,473726.4347826087,1835227.0,1835227.0,363178.791327836
298,Ocean City,19,148092.92307692306,291619.0,291619.0,72982.55639473214,545773.3684210526,2040603.0,2040603.0,551323.39097688
299,Redding,25,90251.66666666667,99688.0,99688.0,10540.663941770146,254825.16,417917.0,417917.0,68915.82366534797
300,Manhattan,15,,,,,163277.0,260119.0,260119.0,45951.08075831452
301,Clovis,3,,,,,118835.33333333333,164222.0,164222.0,51689.193815858
302,Eugene,34,143196.24242424243,213031.0,213031.0,35135.51513251077,314581.4117647059,453830.0,453830.0,68654.93946613047
303,Altus,8,32563.5,41556.0,41556.0,8354.256656681926,59801.625,84868.0,84868.0,18517.207170918467
304,Vernon,4,,,,,71216.75,82475.0,82475.0,7899.823980106561
305,Daphne-Fairhope-Foley,22,102290.72222222222,168835.0,168835.0,34146.518869693005,212583.18181818182,438077.0,438077.0,83345.65315979012
306,Gainesville,37,95413.0,135457.0,135457.0,28544.83790835544,198834.8918918919,297571.0,297571.0,53408.3489352366
307,Carroll,11,65766.85714285714,78789.0,78789.0,7644.5736185560945,119982.81818181818,162649.0,162649.0,34265.71450829001
308,Ontario,13,97002.33333333333,130754.0,130754.0,29582.66100832265,260991.76923076922,585946.0,585946.0,117712.22305348034
309,Indianapolis-Carmel-Anderson,120,,,,,182615.25,498583.0,498583.0,77184.93445666604
310,Liberal,2,,,,,103440.5,109682.0,109682.0,8826.813949551673
311,Pittsfield,32,154826.0909090909,343654.0,343654.0,78667.57389478151,287651.25,481188.0,481188.0,98913.97666724876
312,Cortland,11,50950.09090909091,72616.0,72616.0,12592.605143134962,122753.54545454546,168323.0,168323.0,23921.221926831568
313,Adrian,17,87057.2,116263.0,116263.0,20118.26891603196,155402.70588235295,236934.0,236934.0,37177.89586193102
314,Rio Grande City,9,,,,,55062.666666666664,61100.0,61100.0,4416.611455629757
315,St. Louis,218,113577.65765765766,459157.0,459157.0,71670.43610259592,172599.75229357797,880759.0,880759.0,117494.10974561788
316,Plattsburgh,24,68276.52380952382,110183.0,110183.0,20701.850554042383,117892.66666666667,173951.0,173951.0,33725.605926379576
317,Prineville,4,161440.5,221237.0,221237.0,84565.02128244277,420402.75,571179.0,571179.0,136306.85740239435
318,Crawfordsville,10,,,,,115120.5,140276.0,140276.0,24233.273293139744
319,Watertown-Fort Drum,37,58737.53846153846,129765.0,129765.0,19426.929625096745,146795.02702702704,337916.0,337916.0,49426.625015991856
320,Oxnard-Thousand Oaks-Ventura,25,225109.91666666666,396285.0,396285.0,67035.03156132273,642168.88,1098101.0,1098101.0,206690.64295308583
321,Peoria,63,98855.0,98855.0,98855.0,,120844.44444444444,261203.0,261203.0,51596.59695260537
322,Alpena,4,59550.5,65822.0,65822.0,8869.240356422866,106596.5,116771.0,116771.0,7381.482710133513
323,Summit Park,7,,,,,710775.4285714285,1700984.0,1700984.0,487281.1743291743
324,La Grande,7,,,,,241528.14285714287,434089.0,434089.0,99466.36821296025
325,Martin,7,48702.4,68030.0,68030.0,11510.060568911007,86161.14285714286,119689.0,119689.0,16845.5998451482
326,Minneapolis-St. Paul-Bloomington,231,131943.9732620321,296928.0,296928.0,46080.22380826412,296451.2683982684,865171.0,865171.0,107459.47240520919
327,Evansville,28,61212.5,74385.0,74385.0,11459.476151494302,127332.25,214947.0,214947.0,42626.72796421495
328,Bucyrus,8,51322.5,55514.0,55514.0,5927.676146686827,83015.125,103345.0,103345.0,15339.826507097698
329,Rochelle,16,139352.0,139352.0,139352.0,,124099.875,178338.0,178338.0,33064.70269612799
330,Morristown,11,70452.45454545454,80098.0,80098.0,9468.255133483004,148365.36363636365,186226.0,186226.0,19832.825957350236
331,Glasgow,14,58315.4,88922.0,88922.0,16277.507154216077,102294.07142857143,162222.0,162222.0,26505.23489502893
332,Spencer,9,,,,,108115.22222222222,157105.0,157105.0,28908.072729679585
333,Waterloo-Cedar Falls,28,,,,,140709.9642857143,212610.0,212610.0,41960.43263245008
334,Jasper,17,,,,,137525.58823529413,197650.0,197650.0,40200.00401905891
335,Hammond,8,,,,,155620.625,205631.0,205631.0,27453.997517600757
336,Cordele,2,48359.0,48359.0,48359.0,,93942.5,99093.0,99093.0,7283.906953002626
337,Kirksville,6,,,,,108830.0,139025.0,139025.0,18754.646848181386
338,Reading,46,108404.3488372093,155021.0,155021.0,27117.19257301688,200928.5,339604.0,339604.0,59953.897381886505
339,Johnstown,34,,,,,82203.4705882353,161025.0,161025.0,34209.41713005202
340,Tampa-St. Petersburg-Clearwater,130,103040.59689922481,252266.0,252266.0,37240.962192926636,270498.06153846154,797665.0,797665.0,120662.33823339274
341,Gulfport-Biloxi-Pascagoula,23,,,,,127781.08695652174,189300.0,189300.0,36975.309899633205
342,Brenham,4,,,,,264570.5,294642.0,294642.0,34410.73381470768
343,Austin-Round Rock,90,181390.07407407407,591271.0,591271.0,107634.89077727501,369168.4555555555,1183115.0,1183115.0,201922.53064074638
344,Sunbury,21,95648.0,103128.0,103128.0,10578.31744655075,113516.09523809524,195122.0,195122.0,58623.59134333614
345,Meadville,21,52913.333333333336,70667.0,70667.0,9323.877171818143,104898.76190476191,137626.0,137626.0,17920.840909133596
346,Ruston,9,53391.0,53391.0,53391.0,,121473.88888888889,178632.0,178632.0,35443.70415688957
347,Vallejo-Fairfield,15,142813.83333333334,181904.0,181904.0,24161.66708514405,471326.8,650584.0,650584.0,81476.22755503595
348,Key West,9,,,,,643822.2222222222,1025288.0,1025288.0,159870.19827721
349,Crossville,5,90696.75,140558.0,140558.0,33480.40126576542,161135.6,237167.0,237167.0,46655.25770800115
350,Lakeland-Winter Haven,40,85764.68571428572,143938.0,143938.0,21017.600167718578,167607.875,245876.0,245876.0,42644.546257969225
351,Beaumont-Port Arthur,40,,,,,121556.725,219722.0,219722.0,43063.39588833255
352,Sioux City,47,88531.125,112364.0,112364.0,14662.740627059751,149674.63829787233,323703.0,323703.0,50716.59141287238
353,Silver City,14,,,,,131482.2857142857,192231.0,192231.0,50275.290932759664
354,Kingsville,2,,,,,124347.5,145542.0,145542.0,29973.549347716562
355,Norwalk,10,79768.33333333333,103173.0,103173.0,14549.762738615362,117010.4,157857.0,157857.0,23422.341125989566
356,Bonham,14,82351.0,82351.0,82351.0,,132263.57142857142,212248.0,212248.0,46030.53517079603
357,Crestview-Fort Walton Beach-Destin,18,143318.125,332091.0,332091.0,100903.5298624207,251131.88888888888,573754.0,573754.0,132701.07693737783
358,Jackson,98,58478.25,110098.0,110098.0,21614.71709584313,210259.22448979592,2379622.0,2379622.0,327430.7261039177
359,Lancaster,58,142747.0,172994.0,172994.0,25844.704202860077,242017.7068965517,369524.0,369524.0,42231.839041265055
360,LaGrange,4,66548.5,76844.0,76844.0,8130.319981402946,117550.0,147436.0,147436.0,19956.884442885035
361,Burlington-South Burlington,38,127697.04545454546,170087.0,170087.0,23223.96650522754,284859.86842105264,502634.0,502634.0,96345.03916685746
362,Batavia,15,64944.333333333336,81777.0,81777.0,9881.669109060087,134626.13333333333,186796.0,186796.0,21416.86075057509
363,Arcadia,2,70489.5,90425.0,90425.0,28193.054472688837,176428.5,234449.0,234449.0,82053.37799566817
364,Bogalusa,4,,,,,104923.0,150121.0,150121.0,35095.14445997718
365,Celina,10,,,,,160359.2,238703.0,238703.0,51205.78266129281
366,New Ulm,6,,,,,148255.33333333334,189894.0,189894.0,31870.784763897274
367,Hilo,28,,,,,410165.8214285714,701466.0,701466.0,159618.87935678248
368,Springfield,157,114616.828125,185815.0,185815.0,32298.533885618806,189763.1974522293,656082.0,656082.0,80322.50651954631
369,Las Vegas,10,,,,,195531.2,289310.0,289310.0,40436.468036772065
370,Worthington,11,,,,,101928.72727272728,148554.0,148554.0,29931.17112673979
371,Pampa,2,,,,,51899.5,65139.0,65139.0,18723.48045903859
372,Gadsden,10,41315.0,41315.0,41315.0,,102571.6,163169.0,163169.0,39073.957940750704
373,Pueblo,12,94595.4,135206.0,135206.0,23489.382642660774,188827.16666666666,276878.0,276878.0,55372.636374482
374,Kearney,15,,,,,173906.6,243551.0,243551.0,40575.5053129348
375,Bainbridge,5,59747.25,64546.0,64546.0,8765.925635664496,99499.6,120773.0,120773.0,25032.635015115768
376,Fort Polk South,7,,,,,119433.71428571429,152554.0,152554.0,21787.18310317854
377,Pierre,3,,,,,180696.33333333334,250812.0,250812.0,91603.08861786994
378,Binghamton,35,63316.21875,83772.0,83772.0,11508.121493338675,121200.88571428572,161088.0,161088.0,16379.198295706785
379,Eagle Pass,4,,,,,113470.5,138043.0,138043.0,23787.750524166844
380,Washington-Arlington-Alexandria,323,207344.150877193,539509.0,539509.0,76576.98337631152,494899.41795665637,1688185.0,1688185.0,243977.33268593246
381,Watertown-Fort Atkinson,13,130294.0,142187.0,142187.0,16819.241897303218,233228.23076923078,306541.0,306541.0,44033.92830374068
382,Atlantic City-Hammonton,25,133514.30434782608,313283.0,313283.0,47713.586530305816,241687.48,968739.0,968739.0,174569.37950261115
383,Laconia,13,115326.42857142857,157410.0,157410.0,27232.631693473566,290625.0,399922.0,399922.0,64233.18538600848
384,York-Hanover,41,114686.2,159014.0,159014.0,21151.85224258877,197156.0975609756,273292.0,273292.0,40620.486376214714
385,Marshalltown,13,61334.0,61334.0,61334.0,,107474.23076923077,144825.0,144825.0,25018.037470172883
386,McMinnville,5,58024.25,66085.0,66085.0,9418.854472988387,112579.0,150878.0,150878.0,25071.952726104122
387,Pottsville,48,53207.0,67090.0,67090.0,19633.52688642568,91884.6875,193798.0,193798.0,45166.02633130172
388,Corning,27,62953.625,105464.0,105464.0,19787.237388023623,105390.25925925926,196165.0,196165.0,30163.704572003786
389,Victoria,2,,,,,202012.5,230088.0,230088.0,39704.75287040583
390,Logansport,10,47593.0,47593.0,47593.0,,88338.5,127892.0,127892.0,33077.06073281334
391,East Stroudsburg,35,106544.0,106544.0,106544.0,,193243.08571428573,551218.0,551218.0,74712.78794052178
392,North Platte,8,,,,,148910.0,186984.0,186984.0,31686.312200335695
393,Moberly,8,,,,,115618.125,173633.0,173633.0,32896.08351173
394,Stephenville,4,,,,,165468.25,268708.0,268708.0,74612.07907738532
395,Virginia Beach-Norfolk-Newport News,107,115021.96923076923,225132.0,225132.0,37954.655924030434,250536.03738317758,592210.0,592210.0,85576.09301876943
396,Lubbock,24,69094.05,153138.0,153138.0,30061.91731546042,120091.0,277941.0,277941.0,58863.04137646097
397,Paris,18,60893.71428571428,95819.0,95819.0,17518.319865351295,120237.44444444444,170730.0,170730.0,34820.479471345294
398,Helena,13,,,,,255025.38461538462,381542.0,381542.0,59890.43420911565
399,Muskogee,11,43806.666666666664,64678.0,64678.0,12181.468753807974,85941.54545454546,130939.0,130939.0,26144.96277053626
400,Paragould,6,51062.0,59644.0,59644.0,12136.780792285901,85910.16666666667,113721.0,113721.0,16195.745458813148
401,La Crosse-Onalaska,15,,,,,199500.8,263900.0,263900.0,41417.19391439813
402,Pella,11,,,,,127155.0,235971.0,235971.0,63908.30743338459
403,Bemidji,12,77459.0,82209.0,82209.0,6717.514421272202,148193.41666666666,195256.0,195256.0,28602.818060331476
404,Savannah,23,113258.84210526316,289841.0,289841.0,55858.11787343513,215421.08695652173,496322.0,496322.0,111405.61255973722
405,Manchester-Nashua,34,127422.21739130435,200057.0,200057.0,31659.501156060447,311909.79411764705,490954.0,490954.0,65312.16359810337
406,Marinette,19,,,,,96150.73684210527,162611.0,162611.0,27000.87540112173
407,Levelland,5,,,,,111995.8,157828.0,157828.0,31980.287376757577
408,Lewistown,12,,,,,106147.91666666667,154766.0,154766.0,28190.829754818347
409,Newton,12,76185.375,91306.0,91306.0,9922.029817352322,126939.08333333333,171081.0,171081.0,30366.04833888824
410,Moscow,11,97853.0,97853.0,97853.0,,273130.9090909091,381953.0,381953.0,68659.81516790522
411,Marietta,16,64370.230769230766,84540.0,84540.0,13016.446911208437,108380.3125,163136.0,163136.0,34988.670657264185
412,Midland,19,81552.0,101055.0,101055.0,21096.157221162342,229960.36842105264,756582.0,756582.0,153825.9264263092
413,Salinas,27,280085.26666666666,599053.0,599053.0,136782.75243636043,694523.5925925926,1770485.0,1770485.0,387332.10480932245
414,Hermiston-Pendleton,18,,,,,190421.22222222222,294450.0,294450.0,39614.856080776735
415,Louisville/Jefferson County,104,124978.68085106384,555261.0,555261.0,80136.75360990774,196786.10576923078,1164672.0,1164672.0,139844.62124960337
416,Newport,22,101733.8,166886.0,166886.0,36809.70883597796,255516.77272727274,390971.0,390971.0,102322.26879346023
417,New Philadelphia-Dover,18,82535.0,82535.0,82535.0,,141325.05555555556,249524.0,249524.0,52102.15188789878
418,Wauchula,4,42149.666666666664,50071.0,50071.0,10818.21918493674,141736.0,207864.0,207864.0,49039.30475988963
419,Omaha-Council Bluffs,112,121421.45161290323,210156.0,210156.0,38833.037964975745,184114.35714285713,365308.0,365308.0,65682.60403121781
420,Flint,24,100386.1875,135353.0,135353.0,24860.340384418847,125736.41666666667,255190.0,255190.0,73318.2122744628
421,Batesville,13,43554.0,52334.0,52334.0,8014.397419644224,89419.30769230769,104399.0,104399.0,14619.83194377085
422,Pahrump,5,,,,,182227.4,264145.0,264145.0,92552.88283894781
423,Fairmont,27,52788.666666666664,70614.0,70614.0,15501.72410841237,87398.44444444444,153595.0,153595.0,31815.942121876007
424,Camden,8,,,,,52276.375,68255.0,68255.0,9305.256240234794
425,Battle Creek,12,90796.4,138840.0,138840.0,26699.767448841612,134489.08333333334,171619.0,171619.0,30081.287878795512
426,Calhoun,8,81631.0,92683.0,92683.0,11250.49318918953,141395.0,196733.0,196733.0,37799.643445030386
427,Edwards,10,421925.5714285714,1065386.0,1065386.0,301334.34824120597,884197.2,1579702.0,1579702.0,422786.1608241216
428,Stevens Point,11,,,,,181721.18181818182,236584.0,236584.0,42295.92793595663
429,Garden City,5,,,,,144983.8,172830.0,172830.0,28264.896536163014
430,Houghton,18,50693.0,50693.0,50693.0,,115137.94444444444,207909.0,207909.0,47538.29527304613
431,Grants Pass,10,166758.8,206468.0,206468.0,28473.697418846044,285880.6,359905.0,359905.0,58900.200443348804
432,Hillsdale,15,,,,,124844.66666666667,199330.0,199330.0,39983.79320901098
433,Okeechobee,2,67501.5,74352.0,74352.0,9688.070009036888,149920.0,159498.0,159498.0,13545.337500409505
434,Beatrice,12,,,,,107031.41666666667,213243.0,213243.0,60049.8983913429
435,Dallas-Fort Worth-Arlington,269,138634.2626262626,688862.0,688862.0,88136.09645149554,270429.69888475834,1426695.0,1426695.0,144881.88532346918
436,Eufaula,8,,,,,81960.625,107926.0,107926.0,16791.745582173062
437,Clarksdale,9,,,,,70972.11111111111,107634.0,107634.0,19212.07938020013
438,Fairfield,5,,,,,113203.2,130128.0,130128.0,15787.810003290513
439,Mount Pleasant,11,,,,,122539.90909090909,172690.0,172690.0,29589.983391190155
440,Huron,5,46836.0,46836.0,46836.0,,134013.2,177127.0,177127.0,24695.034859258652
441,Salem,51,99937.85106382979,200174.0,200174.0,38729.93590402016,223221.3725490196,530775.0,530775.0,115511.14561945281
442,Shelton,9,,,,,314157.8888888889,416192.0,416192.0,59405.91568068883
443,Americus,8,59015.0,59015.0,59015.0,,105140.5,261164.0,261164.0,65894.95058695425
444,Sevierville,6,106712.83333333333,123469.0,123469.0,10410.618318172397,229056.66666666666,256067.0,256067.0,20359.39512526506
445,Ruidoso,10,,,,,190487.7,372561.0,372561.0,79039.63565487607
446,Corsicana,12,,,,,113687.66666666667,221237.0,221237.0,39690.6375503281
447,Hudson,33,97887.83333333333,136244.0,136244.0,21791.69267385978,250902.45454545456,363401.0,363401.0,58203.92802578433
448,Clewiston,2,58140.0,61273.0,61273.0,4430.731090914906,132742.5,143680.0,143680.0,15467.960838455727
449,Gardnerville Ranchos,8,297005.875,912981.0,912981.0,252411.865465064,765530.625,2331652.0,2331652.0,655417.1301891725
450,Sedalia,7,39110.25,44477.0,44477.0,4775.367446595079,88235.71428571429,99913.0,99913.0,16811.27323865631
451,Easton,15,177864.2,286141.0,286141.0,61206.45261991816,390927.3333333333,692977.0,692977.0,144471.5431201723
452,Chico,22,97723.16666666667,131623.0,131623.0,24817.248021621304,278084.04545454547,492498.0,492498.0,83205.62818731347
453,Macomb,10,33257.57142857143,52953.0,52953.0,10920.846012056374,61603.7,97708.0,97708.0,21404.71222288318
454,Kennett,12,,,,,64668.083333333336,88883.0,88883.0,17338.28812173867
455,Monroe,30,114103.27777777778,154244.0,154244.0,24220.090614795165,154004.06666666668,210593.0,210593.0,49634.21278050282
456,Warren,15,,,,,81487.13333333333,129583.0,129583.0,23220.505918773808
457,Provo-Orem,27,188162.47619047618,335350.0,335350.0,47199.615017094206,360542.4074074074,753153.0,753153.0,109472.05776932629
458,Charlotte-Concord-Gastonia,108,130482.89830508475,468023.0,468023.0,66225.0957346114,231116.9814814815,1252913.0,1252913.0,142762.1102886047
459,Eureka-Arcata-Fortuna,33,107064.83333333333,132065.0,132065.0,16645.736864634942,323714.54545454547,522252.0,522252.0,87509.15449579079
460,Fresno,55,99267.20454545454,186427.0,186427.0,33688.79001504979,248686.07272727272,459084.0,459084.0,83107.13460567019
461,North Port-Sarasota-Bradenton,42,157165.75,340370.0,340370.0,73591.89378358085,378095.1666666667,1076925.0,1076925.0,218094.24864280375
462,Durant,13,42310.666666666664,45695.0,45695.0,3289.6396079206,103633.76923076923,128162.0,128162.0,19672.094072373373
463,Marion,23,100309.0,121002.0,121002.0,28111.992583237497,119978.34782608696,209828.0,209828.0,43763.18905781298
464,Lexington,9,,,,,129191.44444444444,228541.0,228541.0,42281.46213209494
465,Sheboygan,14,,,,,207133.64285714287,276889.0,276889.0,37885.742101151256
466,Sweetwater,4,,,,,92083.5,135539.0,135539.0,29779.823309303454
467,Ashland,10,105833.5,126892.0,126892.0,29781.21630323382,135893.6,167955.0,167955.0,31022.44793049059
468,San Luis Obispo-Paso Robles-Arroyo Grande,22,185259.05263157896,254274.0,254274.0,41494.81626724755,660328.6818181818,1294008.0,1294008.0,210029.2168644721
469,Oxford,10,96524.0,110095.0,110095.0,12021.455361144923,156804.6,204942.0,204942.0,42944.91902736186
470,Spartanburg,31,70380.66666666667,87805.0,87805.0,16087.005449533897,119258.83870967742,203970.0,203970.0,53217.814060141405
471,Durham-Chapel Hill,28,114128.0,188297.0,188297.0,42097.61667125587,248785.89285714287,500148.0,500148.0,98434.59191818294
472,Mount Vernon-Anacortes,13,140621.5,210965.0,210965.0,43306.88243544873,338595.76923076925,512154.0,512154.0,100908.48740579575
473,Baltimore-Columbia-Towson,156,178611.44520547945,672284.0,672284.0,82480.34045215788,367744.6666666667,1757794.0,1757794.0,192608.82783280435
474,Morgan City,7,,,,,133184.57142857142,243201.0,243201.0,55655.158511609516
475,Hailey,11,,,,,442979.7272727273,1621604.0,1621604.0,497947.75121594657
476,Fort Wayne,40,95967.0,111624.0,111624.0,19307.188220970966,152654.675,333334.0,333334.0,59260.91510555736
477,Muscatine,10,,,,,147264.6,216069.0,216069.0,41064.62384042444
478,Escanaba,11,39815.0,39815.0,39815.0,,102518.45454545454,126253.0,126253.0,14220.19367915667
479,Lock Haven,11,64569.0,64569.0,64569.0,,111597.45454545454,178161.0,178161.0,52649.04920578079
480,Vidalia,7,51724.0,55526.0,55526.0,5376.839964142508,108354.14285714286,139527.0,139527.0,18171.38718267973
481,Santa Fe,10,,,,,404026.2,758035.0,758035.0,176058.7559296927
482,Cornelia,6,86436.5,101430.0,101430.0,21204.011047441,186622.0,263773.0,263773.0,46834.71737931168
483,Fitzgerald,2,40016.0,50581.0,50581.0,14941.16628647175,79214.5,86288.0,86288.0,10003.439633446087
484,Coos Bay,7,,,,,216902.85714285713,302414.0,302414.0,43121.71538961382
485,Yuba City,13,,,,,340928.0,741853.0,741853.0,129897.61530785184
486,Douglas,7,59822.5,73441.0,73441.0,8170.059553026526,117702.42857142857,140769.0,140769.0,18604.26615821528
487,Grand Forks,25,,,,,178929.72,306417.0,306417.0,50466.277907067146
488,Rutland,25,102218.94117647059,159062.0,159062.0,28061.535345269753,204841.04,347759.0,347759.0,45107.49809203935
489,Pullman,21,,,,,184081.2380952381,338930.0,338930.0,76813.7440377077
490,Dyersburg,5,55548.8,67640.0,67640.0,15914.8164519733,77905.2,116300.0,116300.0,30663.96339679527
491,Troy,5,,,,,108917.0,157658.0,157658.0,32055.814472572678
492,Bellefontaine,15,77395.85714285714,106263.0,106263.0,17990.809750430646,142664.4,223741.0,223741.0,45137.410865995786
493,Kankakee,15,85349.0,85349.0,85349.0,,141861.46666666667,218793.0,218793.0,49812.06096614793
494,Brookhaven,3,,,,,123184.66666666667,130158.0,130158.0,6330.918837999215
495,Dalton,10,76224.42857142857,90105.0,90105.0,10794.50583795823,133496.4,175345.0,175345.0,32784.710902085644
496,Pine Bluff,15,41906.666666666664,65101.0,65101.0,19404.955033873866,65510.066666666666,112634.0,112634.0,26807.881163852508
497,Greenfield Town,28,94934.25,135578.0,135578.0,19173.794735737156,224038.0,324840.0,324840.0,54803.90348830597
498,Eau Claire,17,,,,,168712.64705882352,234313.0,234313.0,42025.2916244212
499,Williamsport,20,75435.15384615384,103001.0,103001.0,12173.876737000925,147034.15,201793.0,201793.0,28741.033452603686
500,Winston-Salem,36,94703.0,156527.0,156527.0,27748.489441908227,158493.11111111112,273081.0,273081.0,45113.197450589476
501,Buffalo-Cheektowaga-Niagara Falls,83,99229.171875,220856.0,220856.0,35668.25039810691,182148.81927710844,491187.0,491187.0,78366.79615835701
502,San Angelo,9,,,,,172752.22222222222,397760.0,397760.0,99420.68225824264
503,Bakersfield,45,103873.34375,243613.0,243613.0,39287.55050173542,197634.8,432821.0,432821.0,73208.41863741429
504,Athens-Clarke County,19,85373.25,107835.0,107835.0,10750.860710786243,196992.63157894736,373472.0,373472.0,64360.761786986084
505,Knoxville,68,89710.69642857143,191243.0,191243.0,38036.1371205282,172983.25,371432.0,371432.0,70616.84813434472
506,Tuscaloosa,31,101365.36842105263,213128.0,213128.0,32364.045273541386,145643.7741935484,360979.0,360979.0,61463.57651959935
507,Lawton,16,55209.083333333336,94064.0,94064.0,19530.568303691307,102698.625,191098.0,191098.0,35726.310974546475
508,Rochester,150,86067.081300813,177624.0,177624.0,29437.489810681745,167778.46,403467.0,403467.0,62213.90509688673
509,Laredo,5,,,,,154869.4,227457.0,227457.0,54910.964067297165
510,San Jose-Sunnyvale-Santa Clara,62,367262.39285714284,1345432.0,1345432.0,211007.8210800968,1440646.0161290322,3555625.0,3555625.0,749910.82364045
511,Ashtabula,15,68592.26666666666,98681.0,98681.0,16156.875278993533,129798.33333333333,181561.0,181561.0,28377.128581373585
512,Mount Vernon,21,106733.0,106733.0,106733.0,,112654.47619047618,217373.0,217373.0,41941.239357724095
513,Fort Leonard Wood,9,,,,,152078.88888888888,179766.0,179766.0,18424.506075092246
514,Berlin,23,55629.666666666664,69141.0,69141.0,11223.978611288721,131104.69565217392,231568.0,231568.0,42580.80374624098
515,Cleveland,27,81927.88888888889,188143.0,188143.0,46240.13232151386,139186.85185185185,251936.0,251936.0,47166.87765526184
516,Auburn,24,61401.52631578947,88264.0,88264.0,14608.554808621257,135566.0,188165.0,188165.0,28535.679474010747
517,Dickinson,7,,,,,205727.2857142857,274465.0,274465.0,46377.9002281413
518,Owosso,12,86493.7,123254.0,123254.0,19550.761218769294,137893.58333333334,206952.0,206952.0,37882.90345371291
519,Hutchinson,21,,,,,129117.42857142857,203666.0,203666.0,48224.26775656778
520,Gaffney,3,,,,,84483.0,120115.0,120115.0,31014.03864381419
521,Port St. Lucie,22,114944.05555555556,196851.0,196851.0,38182.508173357295,250359.77272727274,534621.0,534621.0,101386.92613046309
522,Vermillion,3,,,,,175849.33333333334,237594.0,237594.0,61290.66007421794
523,Medford,16,133553.33333333334,181958.0,181958.0,25077.45397883537,307762.25,467428.0,467428.0,85347.76015533936
524,Lafayette,30,,,,,130644.1,231942.0,231942.0,44621.73771199337
525,Mount Airy,9,,,,,139749.55555555556,158242.0,158242.0,13693.470507062035
526,Poplar Bluff,6,58656.6,79874.0,79874.0,13527.245296068228,94007.33333333333,130846.0,130846.0,24250.433395439897
527,Norwich-New London,28,149119.36363636365,209228.0,209228.0,26788.342527772813,248442.7142857143,417001.0,417001.0,60146.247693593046
528,Zanesville,17,63531.846153846156,87738.0,87738.0,17163.040158269134,113568.5294117647,179917.0,179917.0,36316.28309917889
529,Spearfish,6,,,,,221570.5,325474.0,325474.0,63698.69051322798
530,El Dorado,8,,,,,60845.25,83322.0,83322.0,22323.7527743113
531,Heber,3,,,,,494410.0,544128.0,544128.0,43068.22499244658
532,Laurel,10,,,,,97760.0,129272.0,129272.0,28258.80759063348
533,Wilmington,27,77089.0,116256.0,116256.0,20888.53745478606,231008.85185185185,1242122.0,1242122.0,226158.52677537486
534,El Campo,12,,,,,129665.33333333333,219573.0,219573.0,35454.007403531934
535,Los Angeles-Long Beach-Anaheim,361,209196.78299120234,890326.0,890326.0,83923.78148821811,894640.1745152355,3860387.0,3860387.0,527248.0711248526
536,El Centro,11,84878.14285714286,106179.0,106179.0,19632.740719085992,203911.54545454544,269424.0,269424.0,52533.72390258211
537,Beckley,65,41007.958333333336,77586.0,77586.0,14146.186296571905,66237.4,149664.0,149664.0,23640.680164046677
538,Auburn-Opelika,11,120611.14285714286,153962.0,153962.0,23444.09846442221,184486.45454545456,272281.0,272281.0,58529.1518396835
539,Modesto,24,108556.5,113374.0,113374.0,6812.973836732385,356795.75,641260.0,641260.0,84399.85599372117
540,Morehead City,15,149294.0,201888.0,201888.0,42843.35456442846,218331.0,460473.0,460473.0,107116.78661228994
541,Las Vegas-Henderson-Paradise,74,168403.17741935485,382072.0,382072.0,48069.28023910605,305891.3243243243,563295.0,563295.0,79324.42201165044
542,Bellingham,15,141684.66666666666,170470.0,170470.0,16612.585309537666,387489.8,487311.0,487311.0,76747.70965237799
543,Deming,2,,,,,85925.0,108839.0,108839.0,32405.2895682171
544,Iron Mountain,14,,,,,119982.07142857143,162126.0,162126.0,26640.7485586223
545,Clearlake,15,,,,,243340.06666666668,308714.0,308714.0,43466.48980448972
546,Hereford,2,,,,,127498.5,170540.0,170540.0,60869.87304488157
547,Newberry,9,146967.0,146967.0,146967.0,,135856.33333333334,227305.0,227305.0,65392.054423683614
548,Myrtle Beach-Conway-North Myrtle Beach,28,,,,,228154.10714285713,412035.0,412035.0,76118.95952722039
549,Bozeman,10,,,,,503178.0,1231376.0,1231376.0,281747.5261127712
550,Gloversville,7,49542.666666666664,68369.0,68369.0,13623.047172591992,129867.42857142857,179921.0,179921.0,33826.750730041764
551,Joplin,16,,,,,126851.0,172105.0,172105.0,29106.76115498482
552,Boston-Cambridge-Newton,284,221042.162601626,1122290.0,1122290.0,124348.37434479735,628107.2183098592,5067495.0,5067495.0,455765.868829718
553,Connersville,1,,,,,82861.0,82861.0,82861.0,
554,McAllen-Edinburg-Mission,27,,,,,97810.33333333333,169788.0,169788.0,28646.396675001524
555,Rocky Mount,14,52490.4,79057.0,79057.0,17958.604199658726,102721.71428571429,156626.0,156626.0,35282.95450394528
556,Tifton,6,67869.8,85260.0,85260.0,10433.612447278267,133384.66666666666,181433.0,181433.0,34832.56162079766
557,Natchitoches,7,,,,,140615.42857142858,256753.0,256753.0,58113.071277344425
558,Fayetteville-Springdale-Rogers,50,96116.45161290323,154068.0,154068.0,23660.059627761875,164685.92,292494.0,292494.0,49358.77462253664
559,Tucson,40,131969.94736842104,286790.0,286790.0,52490.477640902915,243150.25,552546.0,552546.0,91344.9775739596
560,Mansfield,13,81385.45454545454,117169.0,117169.0,18828.117868569,117488.92307692308,169714.0,169714.0,31697.275557113575
561,Ludington,7,80734.2,97176.0,97176.0,11314.748680372886,123166.71428571429,156646.0,156646.0,18967.04538328067
562,Grand Junction,18,135442.4,246286.0,246286.0,43113.85620622944,318611.94444444444,449375.0,449375.0,72606.23181929174
563,Moses Lake,15,,,,,183409.4,269398.0,269398.0,51027.52510277453
564,Hood River,3,129835.66666666667,153000.0,153000.0,31680.36670137095,405257.3333333333,485881.0,485881.0,118931.41419462452
565,Idaho Falls,17,89198.625,114321.0,114321.0,17691.26283901988,236191.9411764706,297930.0,297930.0,32714.212934653086
566,Atmore,4,,,,,88956.0,96197.0,96197.0,7731.471528758287
567,Fairbanks,5,,,,,221869.0,254293.0,254293.0,44650.10870647461
568,St. George,19,,,,,340725.36842105264,469235.0,469235.0,69108.5122801739
569,Maysville,5,52860.0,52860.0,52860.0,,100063.8,147342.0,147342.0,26875.21132382032
570,Fort Dodge,14,50969.166666666664,68769.0,68769.0,9759.09615629843,97019.5,145458.0,145458.0,21692.349164376614
571,Port Clinton,13,94159.8,155663.0,155663.0,27758.73451646446,154714.46153846153,344849.0,344849.0,81127.06406887838
572,Cedar City,9,,,,,227956.55555555556,313621.0,313621.0,56042.25194242089
573,Picayune,4,,,,,132977.75,166766.0,166766.0,25926.631113908083
574,Flagstaff,14,143315.0,183184.0,183184.0,24286.94266015749,304628.21428571426,424041.0,424041.0,80917.58498827783
575,Keene,24,81872.75,106453.0,106453.0,15546.527521824355,219246.45833333334,295295.0,295295.0,46122.075834707786
576,Chambersburg-Waynesboro,22,93889.0,93889.0,93889.0,,166553.4090909091,199634.0,199634.0,16066.532324055292
577,Goldsboro,7,73133.0,98543.0,98543.0,23124.413627160367,110546.71428571429,161739.0,161739.0,34364.89803910518
578,Muskegon,13,83907.72727272728,137869.0,137869.0,24163.131064044283,148012.15384615384,198962.0,198962.0,36324.5592582717
579,Emporia,8,,,,,125810.25,166831.0,166831.0,20630.748623976648
580,Beaver Dam,18,,,,,183772.66666666666,272257.0,272257.0,40689.25946010525
581,Santa Maria-Santa Barbara,21,279375.6842105263,635263.0,635263.0,113512.16882835496,893115.5714285715,2624425.0,2624425.0,526549.6576111859
582,Vicksburg,6,,,,,90540.66666666667,139008.0,139008.0,44888.94071669175
583,Talladega-Sylacauga,13,56562.0,72194.0,72194.0,22106.986407016222,123303.23076923077,397661.0,397661.0,87959.74993063006
584,Stockton-Lodi,31,135059.05,209501.0,209501.0,40805.53444077615,409493.6451612903,651964.0,651964.0,121051.7066008154
585,Walla Walla,10,82520.42857142857,100005.0,100005.0,16491.97657304043,217794.4,305077.0,305077.0,68558.58740149836
586,College Station-Bryan,17,,,,,176205.76470588235,304941.0,304941.0,69880.08065029101
587,Bedford,8,,,,,111284.75,151947.0,151947.0,25041.558319550095
588,Cullowhee,8,,,,,293777.625,626170.0,626170.0,153162.14312097724
589,Cape Girardeau,16,,,,,147077.5625,186696.0,186696.0,30758.510291123766
590,Allentown-Bethlehem-Easton,77,138099.65,202356.0,202356.0,37291.993401038206,214571.24675324676,328013.0,328013.0,68320.03247567866
591,Boone,14,114258.14285714286,181035.0,181035.0,32522.09855072174,186569.0,406368.0,406368.0,100820.06633678559
592,Roswell,5,,,,,89508.8,157121.0,157121.0,38724.03556836503
593,Morgantown,24,54948.5,113767.0,113767.0,25801.199041159667,115605.66666666667,243589.0,243589.0,43344.92092071675
594,Rome,6,70877.0,76598.0,76598.0,6645.595804741663,138483.66666666666,167363.0,167363.0,22125.547511116343
595,Fort Payne,15,60956.88888888889,79608.0,79608.0,8454.201476846356,102610.33333333333,141082.0,141082.0,14627.214844092434
596,Ottumwa,11,,,,,98982.90909090909,151989.0,151989.0,36596.04051111143
597,Mankato-North Mankato,16,,,,,203841.4375,312598.0,312598.0,45469.11125144007
598,Athens,35,51362.0,56338.0,56338.0,7037.126686368521,115368.31428571428,200481.0,200481.0,50344.83434554803
599,Mineral Wells,8,,,,,191264.5,402128.0,402128.0,104752.96135329882
600,Paducah,17,56837.71428571428,86460.0,86460.0,20795.31580840812,79801.88235294117,141719.0,141719.0,32702.06574301223
601,Bluefield,32,56181.142857142855,68487.0,68487.0,11919.319323806085,69462.03125,148829.0,148829.0,34363.5678209654
602,Rock Springs,9,,,,,138855.88888888888,243225.0,243225.0,75272.08065485576
603,Fort Morgan,8,,,,,213594.25,323223.0,323223.0,73354.81847986733
604,Fort Smith,45,46651.47222222222,113138.0,113138.0,21144.55083532818,96085.4,210613.0,210613.0,31486.9336698141
605,Visalia-Porterville,30,83024.90476190476,122146.0,122146.0,23548.457588353343,198294.66666666666,347352.0,347352.0,52943.71885270265
606,Cullman,11,64741.22222222222,83701.0,83701.0,9561.452344934029,136151.81818181818,243916.0,243916.0,40147.78602816893
607,Taylorville,12,69523.0,69523.0,69523.0,,81482.75,105849.0,105849.0,18933.56146262744
608,Aberdeen,35,,,,,189312.14285714287,540082.0,540082.0,83757.36680827223
609,Ottawa,8,,,,,155051.125,192789.0,192789.0,26064.245134104964
610,Cedar Rapids,48,122681.75,190025.0,190025.0,25870.984271035646,166748.60416666666,326660.0,326660.0,62409.328861016744
611,Sonora,12,,,,,251285.83333333334,302225.0,302225.0,42898.19909089919
612,Sandusky,7,103793.4,124958.0,124958.0,20196.86846518539,154565.14285714287,242750.0,242750.0,49917.92665108255
613,Cumberland,22,61826.92857142857,82626.0,82626.0,14578.77340236765,95789.13636363637,150236.0,150236.0,34797.96541027657
614,Malvern,3,46679.5,48600.0,48600.0,2715.9971465375293,109972.66666666667,142487.0,142487.0,29506.220976826793
615,Lexington-Fayette,25,115069.1,250396.0,250396.0,41464.20550674115,202505.36,464038.0,464038.0,93390.31575368687
616,Muncie,11,,,,,98098.36363636363,145893.0,145893.0,39257.218613326964
617,Cincinnati,150,113746.78991596638,255719.0,255719.0,39672.69559440948,176999.38666666666,485749.0,485749.0,80027.13820745428
618,Craig,4,92136.0,112513.0,112513.0,28817.429760476556,184517.0,314842.0,314842.0,101457.6461715265
619,Cookeville,17,62213.5,98431.0,98431.0,20648.081964632496,127609.5294117647,186453.0,186453.0,29189.673608824505
620,Wilson,8,85963.0,85963.0,85963.0,,121078.75,193730.0,193730.0,46958.883701595805
621,Snyder,4,,,,,112087.75,125031.0,125031.0,13664.7399383718
622,Corvallis,5,159374.0,179227.0,179227.0,20849.854603809592,363579.6,395236.0,395236.0,32614.090241795802
623,Opelousas,11,,,,,109403.0,171944.0,171944.0,26644.222563249994
624,San Francisco-Oakland-Hayward,168,302388.1438356164,736281.0,736281.0,130460.84892051683,1260906.0773809524,5557015.0,5557015.0,692928.2001734845
625,Worcester,109,135703.04705882352,289852.0,289852.0,40328.72552208728,297669.4862385321,667655.0,667655.0,96795.28779227406
626,Atlanta-Sandy Springs-Roswell,207,131760.22285714286,564597.0,564597.0,65615.34483466417,256294.98550724637,1226322.0,1226322.0,148791.47672567982
627,London,26,46646.0,56356.0,56356.0,7976.409008235891,71324.30769230769,129265.0,129265.0,27008.289869251967
628,Twin Falls,10,,,,,217556.6,280806.0,280806.0,43717.7137508356
629,Jonesboro,19,51124.0,102329.0,102329.0,21220.542495850143,82343.8947368421,179746.0,179746.0,34957.55457041953
630,Holland,16,123766.78571428571,195058.0,195058.0,33102.09249992554,206654.4375,387077.0,387077.0,76191.21332976986
631,Ellensburg,10,,,,,376942.8,577438.0,577438.0,108730.067703669
632,Lewisburg,15,71014.25,92743.0,92743.0,15870.316051778344,154417.46666666667,221615.0,221615.0,35433.785505738255
633,Crescent City,4,,,,,251843.0,327638.0,327638.0,76674.83562421246
634,Appleton,22,80779.0,86337.0,86337.0,7860.198979669663,191665.27272727274,317506.0,317506.0,50248.64739916774
635,McAlester,14,33316.230769230766,47437.0,47437.0,8743.439446749451,68576.85714285714,94757.0,94757.0,16506.402719770675
636,Fallon,1,,,,,247245.0,247245.0,247245.0,
637,Dixon,14,,,,,100552.71428571429,143602.0,143602.0,25792.235738175674
638,Tallahassee,24,94783.21428571429,160852.0,160852.0,36059.425205919724,165303.79166666666,310069.0,310069.0,78294.25919760998
639,Findlay,12,96172.91666666667,133185.0,133185.0,17169.37314182825,137100.75,199474.0,199474.0,28247.588605449622
640,Weirton-Steubenville,31,41563.0,54755.0,54755.0,12018.713408680647,73828.70967741935,121346.0,121346.0,25534.35090382307
641,Thomasville,8,74883.5,103048.0,103048.0,19631.73217862686,137648.875,186638.0,186638.0,26674.387776814245
642,Yankton,5,,,,,167880.2,184904.0,184904.0,13694.772477116952
643,Brownwood,7,,,,,159282.2857142857,244997.0,244997.0,60813.06811235638
644,Breckenridge,5,,,,,897042.2,1072528.0,1072528.0,105589.32135258753
645,Cadillac,10,,,,,123213.4,173021.0,173021.0,22458.697558951288
646,Punta Gorda,14,101947.5,176583.0,176583.0,31194.9023516787,261893.57142857142,484541.0,484541.0,82555.27858789694
647,Hinesville,8,84968.16666666667,104439.0,104439.0,19227.792919798845,155366.875,195881.0,195881.0,30672.819109514534
648,Iowa City,19,,,,,216011.47368421053,342359.0,342359.0,76205.03706402764
649,Hays,7,,,,,106657.42857142857,178786.0,178786.0,38612.678068466674
650,Tullahoma-Manchester,14,70869.57142857143,96831.0,96831.0,18399.565006205514,149318.2142857143,228473.0,228473.0,45546.724205738734
651,Safford,5,72817.6,93441.0,93441.0,19686.453725849155,192445.4,271510.0,271510.0,56865.208900521946
652,Summerville,4,49266.5,68155.0,68155.0,13029.925313165331,92808.75,125444.0,125444.0,24051.0271627499
653,Henderson,4,60914.666666666664,74086.0,74086.0,22560.148765762457,92951.0,127095.0,127095.0,39557.6762967695
654,Hattiesburg,9,,,,,125252.11111111111,195841.0,195841.0,42931.896372174284
655,Harrison,18,54529.0,68601.0,68601.0,12867.188076654511,109517.16666666667,141279.0,141279.0,13889.851510026601
656,Des Moines-West Des Moines,75,119432.35483870968,211543.0,211543.0,38576.61540410925,187589.25333333333,375359.0,375359.0,71238.26224455607
657,Merrill,4,,,,,145395.75,165007.0,165007.0,21608.95177736918
658,Freeport,13,,,,,107794.46153846153,160173.0,160173.0,31813.787555124025
659,Hartford-West Hartford-East Hartford,92,142651.96875,243229.0,243229.0,40524.64543832824,260473.73913043478,467347.0,467347.0,61903.55087116305
660,Angola,6,77317.0,77881.0,77881.0,797.6164491784256,166137.33333333334,208451.0,208451.0,34994.74989004303
661,West Point,4,,,,,113454.75,118686.0,118686.0,7489.10824130617
662,Odessa,8,,,,,204334.5,305032.0,305032.0,66518.97392044296
663,Colorado Springs,44,138916.875,239317.0,239317.0,43705.14596020961,337876.4772727273,528765.0,528765.0,87366.18976774914
664,Albemarle,8,79659.625,109370.0,109370.0,24848.011457875542,154671.5,210545.0,210545.0,48159.96233683862
665,Brownsville-Harlingen,18,85945.2,139100.0,139100.0,31471.191393082023,119861.0,419351.0,419351.0,82769.55948613845
666,Pittsburg,13,,,,,77710.76923076923,119539.0,119539.0,21078.27297303176
667,Van Wert,8,53715.28571428572,60465.0,60465.0,4326.442137764999,90217.125,125526.0,125526.0,24733.575678402947
668,Napa,9,229255.0,385998.0,385998.0,87371.6623015342,780886.1111111111,1271523.0,1271523.0,281789.6237104218
669,Valley,5,,,,,68290.8,91001.0,91001.0,21824.64086073354
670,Woodward,5,37645.5,45945.0,45945.0,11737.265460915502,108784.4,146611.0,146611.0,32459.954363800327
671,Campbellsville,3,,,,,86960.0,106378.0,106378.0,27627.53052663231
672,Augusta-Waterville,22,77728.05263157895,105165.0,105165.0,10442.016123301968,175937.95454545456,244042.0,244042.0,36353.91825279868
673,Erie,27,80067.73076923077,128181.0,128181.0,22357.323622576456,124429.92592592593,214867.0,214867.0,42821.021260165355
674,Jefferson City,34,92168.0,92168.0,92168.0,,163247.64705882352,226340.0,226340.0,27703.95816363185
675,Sierra Vista-Douglas,19,,,,,156919.2105263158,369153.0,369153.0,64191.13735605818
676,Enid,14,41275.545454545456,68553.0,68553.0,13233.641504617211,85911.78571428571,137569.0,137569.0,29305.841964670486
677,Big Stone Gap,13,67954.0,67954.0,67954.0,,70779.23076923077,118437.0,118437.0,21054.257080037463
678,Green Bay,31,155156.0,155156.0,155156.0,,183241.61290322582,296125.0,296125.0,58799.896441902805
679,DuBois,34,48049.9,78107.0,78107.0,17100.40026464618,90758.88235294117,136009.0,136009.0,24869.024115766748
680,Kansas City,194,103445.484375,192922.0,192922.0,43666.902387946895,199505.63402061857,764446.0,764446.0,106981.84261596849
681,Alma,13,65116.0,65116.0,65116.0,,88099.46153846153,156641.0,156641.0,25951.333374913465
682,Oskaloosa,9,101269.0,101269.0,101269.0,,114547.22222222222,170473.0,170473.0,36728.964233891005
683,Wisconsin Rapids-Marshfield,12,,,,,134188.58333333334,216855.0,216855.0,37512.191553870085
684,Urban Honolulu,28,301240.6538461539,498054.0,498054.0,72171.73491939476,844324.1428571428,1381012.0,1381012.0,206917.66370166812
685,Sebring,8,,,,,146476.625,171606.0,171606.0,17437.526978473754
686,Cleveland-Elyria,101,133802.07692307694,311951.0,311951.0,46768.50210540109,172300.10891089108,488096.0,488096.0,86563.29123513048
687,Memphis,79,106877.06521739131,274567.0,274567.0,53041.52219049281,150438.3670886076,433605.0,433605.0,87950.8341573797
688,Hickory-Lenoir-Morganton,22,118782.0,254710.0,254710.0,57029.46571144897,166657.95454545456,548321.0,548321.0,105824.9196795741
689,Huntingdon,25,,,,,116425.04,249730.0,249730.0,44832.06350043088
690,Richmond,102,119074.97777777778,237787.0,237787.0,40587.73894993014,231165.39215686274,511470.0,511470.0,92654.91675285426
691,Oshkosh-Neenah,13,,,,,186144.0,254985.0,254985.0,46931.24379344745
692,Roanoke Rapids,21,104751.5,151803.0,151803.0,66540.86942999768,82735.14285714286,406082.0,406082.0,87817.53100735963
693,Sherman-Denison,17,133435.0,133435.0,133435.0,,201459.41176470587,411415.0,411415.0,71260.05040173177
694,Kerrville,5,,,,,265031.2,368413.0,368413.0,60862.03860535728
695,Forest City,13,73994.55555555556,150364.0,150364.0,31541.43388905739,124227.23076923077,279676.0,279676.0,65299.34653852958
696,Davenport-Moline-Rock Island,62,,,,,140103.29032258064,288521.0,288521.0,60670.44296649232
697,Lake Charles,16,,,,,156670.4375,229001.0,229001.0,42491.204554933094
698,Detroit-Warren-Dearborn,208,146457.4129032258,332760.0,332760.0,60075.367409611674,215772.7451923077,593580.0,593580.0,111055.83408831208
699,Cedartown,4,58438.0,69192.0,69192.0,9320.000643776802,103023.5,138189.0,138189.0,30846.842328942952
700,Altoona,14,72527.375,99261.0,99261.0,19123.701143102877,131760.7142857143,173241.0,173241.0,27306.558472359633
701,Winnemucca,5,,,,,154096.4,247527.0,247527.0,66224.91209356188
702,Casper,7,,,,,217923.42857142858,321676.0,321676.0,55096.63440373693
703,Indianola,9,,,,,68198.66666666667,102247.0,102247.0,22022.55265063521
704,Ada,8,35780.6,42957.0,42957.0,5532.209034373159,108141.75,172711.0,172711.0,35973.26344761382
705,Pittsburgh,336,80628.14851485149,267446.0,267446.0,40455.16339985758,141013.20833333334,556922.0,556922.0,82902.72590213314
706,Sacramento--Roseville--Arden-Arcade,121,157155.1616161616,301697.0,301697.0,49536.66371048267,441972.3884297521,796299.0,796299.0,127704.9906310355
707,Chicago-Naperville-Elgin,387,178969.7581227437,739023.0,739023.0,86230.62457946826,271230.42635658913,1322457.0,1322457.0,173216.77097246103
708,Lamesa,2,,,,,76054.0,78589.0,78589.0,3585.031380615796
709,Great Bend,5,,,,,73165.8,83896.0,83896.0,7397.976257058413
710,Miami,7,31881.6,40719.0,40719.0,7896.120680435425,71737.28571428571,114337.0,114337.0,30792.61404251722
711,Malone,21,52356.78571428572,107284.0,107284.0,27282.62625859054,124924.28571428571,297155.0,297155.0,60495.92081466556
712,Portsmouth,11,64290.0,64290.0,64290.0,,86966.0,125873.0,125873.0,27825.132571112757
713,Payson,9,59289.333333333336,86913.0,86913.0,23438.19874193976,199993.66666666666,396070.0,396070.0,110605.7442133997
714,Kokomo,7,99058.0,99058.0,99058.0,,146280.0,185966.0,185966.0,33242.39692521183
715,Saginaw,18,95087.2,142323.0,142323.0,33034.703341875414,116141.11111111111,219800.0,219800.0,49085.85279222384
716,Grand Island,24,,,,,170772.41666666666,235209.0,235209.0,34016.94938130321
717,Wichita Falls,20,,,,,95439.0,157559.0,157559.0,34087.48766892256
718,Hot Springs,7,74371.2,89317.0,89317.0,15691.168430043697,129172.85714285714,169049.0,169049.0,36996.48182115236
719,Nogales,7,96813.6,145623.0,145623.0,41541.487868154174,291161.14285714284,382163.0,382163.0,106566.47057498677
720,Espaola,29,,,,,167531.10344827586,206210.0,206210.0,24285.032811744102
721,Hope,13,34369.0,41686.0,41686.0,7358.342680250764,62144.38461538462,88914.0,88914.0,16626.53123042838
722,North Wilkesboro,13,77724.14285714286,102849.0,102849.0,21398.512529523883,134065.61538461538,219199.0,219199.0,35720.3859664162
723,Ponca City,8,38695.57142857143,72649.0,72649.0,18242.99644481998,79028.375,143145.0,143145.0,37469.971390196486
724,Shreveport-Bossier City,44,,,,,120677.75,287527.0,287527.0,56001.90327252592
725,Akron,48,112951.27906976744,223908.0,223908.0,43518.732423288595,160076.10416666666,361321.0,361321.0,78715.29064339421
726,Wenatchee,19,,,,,338339.0,531583.0,531583.0,109575.4688904207
727,Ocala,25,83057.5,128419.0,128419.0,31971.434088364986,169830.08,252416.0,252416.0,29617.335776422115
728,Fayetteville,16,99618.53846153847,121983.0,121983.0,15911.956953893638,138025.5625,188574.0,188574.0,35263.756967494264
729,Terre Haute,41,,,,,103896.68292682926,684561.0,684561.0,96483.00425863589
730,Wooster,16,103799.0,117738.0,117738.0,10132.454264815186,171739.3125,263377.0,263377.0,35202.583270206655
731,Tulsa,83,72714.34285714285,219840.0,219840.0,37473.92439499638,122465.44578313253,320616.0,320616.0,60289.5905676183
732,Sebastian-Vero Beach,8,129525.25,355434.0,355434.0,92290.09622264847,286535.75,759407.0,759407.0,193613.56017206027
733,Mount Sterling,11,50229.0,57810.0,57810.0,8789.872069603744,89136.54545454546,130836.0,130836.0,16776.11991113342
734,Wheeling,36,55697.666666666664,68289.0,68289.0,15231.857448562645,85213.05555555556,171718.0,171718.0,30141.842055705743
735,Houma-Thibodaux,20,,,,,149416.2,264666.0,264666.0,48932.82123547709
736,Plainview,5,42061.0,42061.0,42061.0,,85948.6,119949.0,119949.0,22986.42726262609
737,Panama City,15,128758.54545454546,449271.0,449271.0,108385.46972022,239876.66666666666,969080.0,969080.0,213584.42233280523
738,Concord,27,108374.78947368421,187397.0,187397.0,28341.914713369017,278248.8888888889,410276.0,410276.0,56188.6880152206
739,Rexburg,9,,,,,236282.22222222222,325400.0,325400.0,44316.167980145176
740,Traverse City,28,96407.6,129513.0,129513.0,16721.78310667456,269419.1785714286,560576.0,560576.0,116986.75000853527
741,Ogden-Clearfield,38,174213.61111111112,250417.0,250417.0,38376.058941724245,327170.13157894736,579299.0,579299.0,91535.39659169252
742,Chillicothe,11,56926.444444444445,73733.0,73733.0,13446.843264416291,106059.63636363637,159684.0,159684.0,29860.879432035243
743,Orlando-Kissimmee-Sanford,91,113710.33720930232,240615.0,240615.0,34824.272619779396,264729.6373626374,527028.0,527028.0,79137.61928894871
744,Red Bluff,10,93491.0,96766.0,96766.0,4631.549416771886,214750.4,291073.0,291073.0,51421.04091863131
745,McComb,7,,,,,108463.42857142857,146882.0,146882.0,20167.716412269245
746,Mayfield,11,63652.5,72291.0,72291.0,12216.683858559982,91188.63636363637,113010.0,113010.0,13730.283079913008
747,Owatonna,6,80664.0,80664.0,80664.0,,154173.66666666666,189268.0,189268.0,34710.020528179855
748,Russellville,16,51851.666666666664,74416.0,74416.0,12766.99575076298,96400.0625,153139.0,153139.0,28265.26412511477
749,Point Pleasant,26,57899.875,70248.0,70248.0,9913.704258499947,91051.30769230769,131741.0,131741.0,22549.063981938107
750,Pocatello,10,,,,,192066.0,257224.0,257224.0,43259.19153197387
751,Mobile,35,73345.60869565218,118046.0,118046.0,20333.292734597366,118735.8,317106.0,317106.0,61458.21064842257
752,Fort Collins,18,171663.0,255525.0,255525.0,33248.98831167649,432243.3888888889,573272.0,573272.0,70661.13594776201
753,Harrisburg-Carlisle,56,97959.13157894737,157864.0,157864.0,25453.787850832574,168016.75,285250.0,285250.0,55154.28652697812
754,Murray,6,61651.666666666664,75751.0,75751.0,12499.020884319965,121419.5,147281.0,147281.0,27495.52220089664
755,Janesville-Beloit,12,115787.0,115787.0,115787.0,,170272.83333333334,219741.0,219741.0,32334.933315458555
756,Houston-The Woodlands-Sugar Land,240,125623.708994709,564448.0,564448.0,89409.27980524462,239960.22083333333,1222458.0,1222458.0,149871.90876305528
757,State College,26,,,,,208587.88461538462,332149.0,332149.0,64127.5419084979
758,Corinth,3,,,,,96379.0,100265.0,100265.0,6073.621901304032
759,Alice,3,,,,,122798.33333333333,136921.0,136921.0,23791.446663314386
760,Oneonta,33,48161.58064516129,76726.0,76726.0,10434.462288571121,138524.45454545456,281439.0,281439.0,42428.50642116314
761,Peru,9,,,,,94190.66666666667,127092.0,127092.0,30105.817926108568
762,Niles-Benton Harbor,20,94292.83333333333,131093.0,131093.0,26383.87292830546,238372.8,549174.0,549174.0,133034.56683473382
763,Wichita,82,,,,,145042.82926829267,340981.0,340981.0,69640.42745963449
764,Great Falls,16,,,,,193834.5625,263594.0,263594.0,39947.89821750117
765,Forrest City,10,40128.833333333336,51979.0,51979.0,11864.86105130046,62219.7,94981.0,94981.0,18885.494139682974
766,Bowling Green,19,55405.75,68352.0,68352.0,8857.157684607404,132413.15789473685,243186.0,243186.0,58216.34874830949
767,Kingsport-Bristol-Bristol,29,73613.23076923077,116178.0,116178.0,20102.4036919048,131445.0,227488.0,227488.0,37485.628206020505
768,Somerset,45,87097.75,113318.0,113318.0,20542.75752952039,102880.91111111111,243325.0,243325.0,40406.68668719787
769,Salisbury,55,104430.74468085106,222233.0,222233.0,38617.402016430526,229250.29090909092,900340.0,900340.0,142486.69149727537
770,Blacksburg-Christiansburg-Radford,27,94780.28571428571,126576.0,126576.0,15575.61068587987,146061.22222222222,286781.0,286781.0,43731.62419307225
771,Selinsgrove,8,,,,,159444.125,195092.0,195092.0,23494.05517777696
772,Dover,16,124670.0,124670.0,124670.0,,222240.9375,276089.0,276089.0,30448.603095421306
773,Andrews,1,,,,,165711.0,165711.0,165711.0,
774,Columbus,174,114726.38461538461,258900.0,258900.0,48931.20160241282,180032.97701149425,437224.0,437224.0,87597.25572713064
775,Williston,5,,,,,195646.8,278212.0,278212.0,74014.98741268556
776,Charleston-Mattoon,11,,,,,95876.45454545454,142417.0,142417.0,18776.61714667281
777,Torrington,37,196688.84,380237.0,380237.0,60592.641437636645,328533.24324324325,630147.0,630147.0,122381.5440804802
778,Parkersburg-Vienna,14,64589.0,88565.0,88565.0,17480.79766804453,108536.71428571429,153924.0,153924.0,30278.312846576588
779,Washington,16,91784.33333333333,156601.0,156601.0,58537.3917537614,134795.8125,255190.0,255190.0,58393.79487721705
780,Bridgeport-Stamford-Norwalk,47,253483.0,764635.0,764635.0,187126.86743108652,600417.340425532,1968417.0,1968417.0,414925.3730372999
781,Watertown,5,,,,,142365.8,206439.0,206439.0,38756.420438425426
782,Syracuse,87,78723.62162162163,159580.0,159580.0,22477.916644493245,139591.5172413793,357481.0,357481.0,45701.44234273241
783,Anniston-Oxford-Jacksonville,12,59472.0,62371.0,62371.0,4099.805117319603,117253.75,202412.0,202412.0,39912.43454255373
784,Lake City,4,47714.0,58400.0,58400.0,7132.538818681606,159423.75,191812.0,191812.0,33051.467888481646
785,Sheridan,11,,,,,333688.54545454547,505511.0,505511.0,72655.58375976843
786,Lima,13,75755.08333333333,109859.0,109859.0,22261.432198712617,104187.30769230769,164283.0,164283.0,38008.957624891125
787,Philadelphia-Camden-Wilmington,389,153621.82386363635,719108.0,719108.0,74217.63847657855,305002.29820051417,1114857.0,1114857.0,163815.22058525382
788,Oak Harbor,8,110756.0,110756.0,110756.0,,457303.75,542466.0,542466.0,92785.17858357397
789,Las Cruces,24,,,,,149509.16666666666,243237.0,243237.0,38087.457714953955
790,DeRidder,6,,,,,159576.83333333334,183077.0,183077.0,25413.39761162735
791,Bartlesville,7,45163.75,79019.0,79019.0,23398.003866070852,95319.85714285714,140314.0,140314.0,34363.71347525648
792,Fargo,32,,,,,193584.5,312203.0,312203.0,49872.534649068926
793,Elko,14,,,,,211351.42857142858,394546.0,394546.0,99929.99665821015
794,Alexander City,6,,,,,163736.0,335256.0,335256.0,117368.26261984115
795,Ogdensburg-Massena,36,44270.375,72496.0,72496.0,12528.02607768781,83031.97222222222,127494.0,127494.0,18412.534017404105
796,Nashville-Davidson--Murfreesboro--Franklin,104,117873.93617021276,347876.0,347876.0,57107.08935931386,275028.1153846154,806557.0,806557.0,140462.46859220322
797,Georgetown,3,,,,,200847.0,357864.0,357864.0,140795.0966085112
798,Shawnee,11,43642.0,72329.0,72329.0,14934.294284557867,94028.27272727272,137147.0,137147.0,24345.93120458081
799,Los Alamos,1,,,,,331817.0,331817.0,331817.0,
800,Willmar,11,,,,,184608.63636363635,278137.0,278137.0,42601.30408161874
801,Whitewater-Elkhorn,12,159839.0909090909,238241.0,238241.0,48895.843202576114,240425.0,420881.0,420881.0,77213.35535679398
802,Austin,14,100121.58333333333,129574.0,129574.0,22948.57882095349,175745.92857142858,267759.0,267759.0,54741.695441077965
803,Mexico,8,,,,,97142.0,173868.0,173868.0,43298.59956824734
804,Grants,8,,,,,75717.0,111737.0,111737.0,23760.080669656225
805,Yakima,20,108033.5,160631.0,160631.0,22112.256224174173,205569.65,298615.0,298615.0,49611.92835161509
806,Huntsville,43,126831.8,141022.0,141022.0,14083.030078786313,180565.72093023255,345839.0,345839.0,59405.92670542048
807,Champaign-Urbana,48,81081.5,151874.0,151874.0,24080.725130277948,121696.9375,246288.0,246288.0,46763.90705443687
808,Staunton-Waynesboro,22,,,,,205701.81818181818,287173.0,287173.0,51818.225215087776
809,Billings,23,,,,,257007.95652173914,388697.0,388697.0,52768.45943491611
810,Bremerton-Silverdale,16,149225.6875,280585.0,280585.0,42028.69761439795,436737.125,906940.0,906940.0,143064.01883626552
811,New Orleans-Metairie,79,120376.88235294117,250633.0,250633.0,40912.28400382924,197679.64556962025,551094.0,551094.0,98421.21738796559
812,Trenton,22,162198.84210526315,307037.0,307037.0,79108.15688260329,309210.2727272727,690290.0,690290.0,186412.300134274
813,Wapakoneta,11,52705.0,52705.0,52705.0,,114246.09090909091,208407.0,208407.0,53976.352747206896
814,West Plains,6,,,,,123762.83333333333,148193.0,148193.0,13390.786644804206
815,Rockingham,6,,,,,66824.0,88318.0,88318.0,17556.86928811626
816,Deltona-Daytona Beach-Ormond Beach,29,94571.07142857143,149209.0,149209.0,21925.753134458744,221579.06896551725,417752.0,417752.0,61416.29001851164
817,Natchez,6,,,,,107630.5,145203.0,145203.0,35066.230312082305
818,Albany-Schenectady-Troy,116,102000.88571428572,184891.0,184891.0,28325.354681842862,200145.43103448275,361932.0,361932.0,53725.33323767802
819,Bay City,19,75660.125,98973.0,98973.0,14617.884998839118,135341.2105263158,228676.0,228676.0,37440.81538104721
820,Birmingham-Hoover,107,92395.33333333333,102884.0,102884.0,12609.72068947868,151812.18691588784,585697.0,585697.0,99691.40581229987
821,Mountain Home,15,57260.9,74149.0,74149.0,12445.182623989269,149878.93333333332,252766.0,252766.0,45650.940901689246
822,Shelby,9,62609.333333333336,76998.0,76998.0,9861.271938751106,103451.0,124558.0,124558.0,14726.727683025852
823,Naples-Immokalee-Marco Island,21,203774.75,589832.0,589832.0,118366.59040990692,498982.4761904762,2719240.0,2719240.0,539729.8753660592
824,Fergus Falls,19,,,,,240071.42105263157,321959.0,321959.0,56403.96997091191
825,Stillwater,8,57272.0,87843.0,87843.0,21892.098920452034,124248.25,178704.0,178704.0,36638.68747161744
826,Bennettsville,4,,,,,39309.0,45592.0,45592.0,6808.305858777693
827,Winona,8,121163.0,139722.0,139722.0,26246.38950408227,223685.375,286645.0,286645.0,31180.86930858865
828,Fond du Lac,14,,,,,167552.64285714287,221945.0,221945.0,32473.432233388623
829,Frankfort,10,75154.0,90736.0,90736.0,13886.485172441746,130078.4,172338.0,172338.0,30638.323283104117
830,Ames,15,74597.0,78445.0,78445.0,5441.89378801167,185695.13333333333,253166.0,253166.0,35127.05689730734
831,Clarksville,18,82568.70588235294,149320.0,149320.0,28729.342045121542,161772.83333333334,275918.0,275918.0,52723.91771599991
832,Portland-South Portland,82,145017.77049180327,424681.0,424681.0,64451.97432181408,347232.5853658537,1143716.0,1143716.0,156244.65507310122
833,Sturgis,9,64714.0,81138.0,81138.0,10703.58411934993,126614.11111111111,144337.0,144337.0,13731.08369216032
834,Madera,12,,,,,304597.1666666667,455240.0,455240.0,60995.96736869106
835,Charlottesville,44,134922.11538461538,247123.0,247123.0,39900.21428145661,251482.18181818182,501401.0,501401.0,99621.83115494238
836,Johnson City,14,74699.36363636363,112768.0,112768.0,24944.12133258146,148030.0,213307.0,213307.0,27675.69250054306
837,Truckee-Grass Valley,11,165893.16666666666,203109.0,203109.0,28773.76384428472,415419.63636363635,651658.0,651658.0,93471.81952896042
838,Warner Robins,11,91656.72727272728,131031.0,131031.0,23898.992556553127,139912.81818181818,216655.0,216655.0,42699.49256798769
839,Jamestown,8,,,,,133072.5,195639.0,195639.0,63440.86584934261
840,El Paso,25,94770.95833333333,155108.0,155108.0,29100.956417092082,135835.32,249481.0,249481.0,45939.77117534798
841,Jamestown-Dunkirk-Fredonia,35,64444.1935483871,163387.0,163387.0,23980.416945804416,125587.97142857143,428371.0,428371.0,66809.22962633132
842,Palestine,5,,,,,117194.4,145241.0,145241.0,18088.574426969084
843,Greeneville,7,72584.75,89842.0,89842.0,13903.234141139008,108302.71428571429,126152.0,126152.0,13678.524892622569
844,Greenville,37,69220.6875,100626.0,100626.0,19175.187299280806,181660.51351351352,881945.0,881945.0,162743.07996768362
845,St. Cloud,31,115031.0,130165.0,130165.0,18581.712811256126,204239.0,278991.0,278991.0,43994.14752289975
846,Racine,13,135421.875,193118.0,193118.0,26394.76989014247,249042.53846153847,313327.0,313327.0,30469.294526389964
847,Beeville,7,,,,,134647.42857142858,168599.0,168599.0,21021.040291869023
848,Uvalde,5,,,,,173936.6,306083.0,306083.0,85191.05203775805
849,Caon City,8,,,,,249286.5,352583.0,352583.0,63064.4085790755
850,Vincennes,12,,,,,80883.83333333333,125455.0,125455.0,26123.706422374762
851,Kennewick-Richland,15,152638.75,231559.0,231559.0,67544.24289493517,307272.06666666665,452095.0,452095.0,92382.14645580038
852,Rolla,8,,,,,134416.375,183725.0,183725.0,33141.00546770895
853,Platteville,19,,,,,126516.52631578948,197427.0,197427.0,35282.652187360705
854,Bloomington,51,99287.59090909091,165452.0,165452.0,27667.911027654387,145890.25490196078,839680.0,839680.0,111675.89161602306
855,Othello,5,94404.0,94404.0,94404.0,,118804.8,224314.0,224314.0,64657.73805740501
856,Madisonville,10,48034.555555555555,88872.0,88872.0,23998.757499666055,84500.3,159600.0,159600.0,39422.37986516457
857,Lake Havasu City-Kingman,22,102549.15384615384,137692.0,137692.0,15389.965945631338,187667.81818181818,321311.0,321311.0,69800.53563625587
858,Raymondville,6,,,,,85196.66666666667,155636.0,155636.0,38150.77080042639
859,Fort Madison-Keokuk,22,,,,,92768.36363636363,152532.0,152532.0,31345.879329013736
860,Brunswick,13,78955.0,84097.0,84097.0,7271.886137722455,332197.6923076923,2459557.0,2459557.0,646128.0911269818
861,Owensboro,14,72066.33333333333,91575.0,91575.0,15389.955239267809,109916.21428571429,166018.0,166018.0,25073.822626484292
